{
	"format_version": "1.9.0",
	"credit": "Made with Blockbench",
	"texture_size": [64, 64],
	"textures": {
		"0": "item/weapons/aa12",
		"particle": "item/weapons/aa12"
	},
	"elements": [
		{
			"from": [7.4, 4.8, -1.3],
			"to": [8.6, 6.6, 12.8],
			"rotation": {"angle": 0, "axis": "y", "origin": [7.4, 5.4, 3.2]},
			"faces": {
				"north": {"uv": [5.5, 3.25, 6, 4], "texture": "#0"},
				"east": {"uv": [0, 0, 5.875, 0.75], "texture": "#0"},
				"south": {"uv": [6.75, 1.75, 7.25, 2.5], "texture": "#0"},
				"west": {"uv": [0, 0.75, 5.875, 1.5], "texture": "#0"},
				"up": {"uv": [0.5, 7.375, 0, 1.5], "texture": "#0"},
				"down": {"uv": [1, 1.5, 0.5, 7.375], "texture": "#0"}
			}
		},
		{
			"from": [6.065, 0.75, 5.9],
			"to": [9.935, 4.8, 8],
			"rotation": {"angle": 0, "axis": "y", "origin": [7.4, 5.7, 3.2]},
			"faces": {
				"north": {"uv": [1, 1.5, 2.625, 3.25], "texture": "#0"},
				"east": {"uv": [1, 4, 1.875, 5.75], "texture": "#0"},
				"south": {"uv": [2.75, 1.5, 4.375, 3.25], "texture": "#0"},
				"west": {"uv": [2, 4, 2.875, 5.75], "texture": "#0"},
				"up": {"uv": [4.625, 4.875, 3, 4], "texture": "#0"},
				"down": {"uv": [6.125, 1.5, 4.5, 2.375], "texture": "#0"}
			}
		},
		{
			"from": [7.7, 5.1, -2.95],
			"to": [8.3, 5.7, -1.3],
			"rotation": {"angle": 0, "axis": "y", "origin": [7.4, 5.4, 1.1]},
			"faces": {
				"north": {"uv": [6, 1.25, 6.25, 1.5], "texture": "#0"},
				"east": {"uv": [6, 3.75, 6.75, 4], "texture": "#0"},
				"south": {"uv": [6, 3.25, 6.25, 3.5], "texture": "#0"},
				"west": {"uv": [7.25, 3.25, 8, 3.5], "texture": "#0"},
				"up": {"uv": [3.75, 8, 3.5, 7.25], "texture": "#0"},
				"down": {"uv": [4, 7.25, 3.75, 8], "texture": "#0"}
			}
		},
		{
			"from": [7.91, 6.6, 4.61],
			"to": [8.09, 6.75, 5.57],
			"rotation": {"angle": 0, "axis": "y", "origin": [7.4, 7.2, 3.65]},
			"faces": {
				"north": {"uv": [1, 8, 1.125, 8.125], "texture": "#0"},
				"east": {"uv": [7.75, 1.75, 8.125, 1.875], "texture": "#0"},
				"south": {"uv": [8, 2.25, 8.125, 2.375], "texture": "#0"},
				"west": {"uv": [7.75, 2, 8.125, 2.125], "texture": "#0"},
				"up": {"uv": [7.875, 2.625, 7.75, 2.25], "texture": "#0"},
				"down": {"uv": [7.875, 2.75, 7.75, 3.125], "texture": "#0"}
			}
		},
		{
			"from": [7.91, 6.555, 5.015],
			"to": [8.09, 7.365, 5.165],
			"rotation": {"angle": -45, "axis": "x", "origin": [8, 7.035, 5.09]},
			"faces": {
				"north": {"uv": [3, 7.75, 3.125, 8.125], "texture": "#0"},
				"east": {"uv": [3.25, 7.75, 3.375, 8.125], "texture": "#0"},
				"south": {"uv": [7.75, 3.5, 7.875, 3.875], "texture": "#0"},
				"west": {"uv": [7.75, 4, 7.875, 4.375], "texture": "#0"},
				"up": {"uv": [8.125, 2.625, 8, 2.5], "texture": "#0"},
				"down": {"uv": [8.125, 2.75, 8, 2.875], "texture": "#0"}
			}
		},
		{
			"from": [7.91, 6.555, 4.805],
			"to": [8.09, 7.215, 4.955],
			"rotation": {"angle": 22.5, "axis": "x", "origin": [8, 7.035, 4.88]},
			"faces": {
				"north": {"uv": [6, 3.5, 6.125, 3.75], "texture": "#0"},
				"east": {"uv": [5, 6.75, 5.125, 7], "texture": "#0"},
				"south": {"uv": [7.75, 4.5, 7.875, 4.75], "texture": "#0"},
				"west": {"uv": [5, 7.75, 5.125, 8], "texture": "#0"},
				"up": {"uv": [8.125, 3.125, 8, 3], "texture": "#0"},
				"down": {"uv": [8.125, 3.25, 8, 3.375], "texture": "#0"}
			}
		},
		{
			"from": [7.91, 6.6, 10.4],
			"to": [8.09, 8.4, 10.55],
			"rotation": {"angle": 0, "axis": "y", "origin": [7.4, 7.2, 3.2]},
			"faces": {
				"north": {"uv": [2.25, 7.5, 2.375, 8.25], "texture": "#0"},
				"east": {"uv": [2.5, 7.5, 2.625, 8.25], "texture": "#0"},
				"south": {"uv": [2.75, 7.5, 2.875, 8.25], "texture": "#0"},
				"west": {"uv": [7.5, 4, 7.625, 4.75], "texture": "#0"},
				"up": {"uv": [7.875, 7.125, 7.75, 7], "texture": "#0"},
				"down": {"uv": [7.875, 7.25, 7.75, 7.375], "texture": "#0"}
			}
		},
		{
			"from": [7.91, 3.45, 9.5],
			"to": [8.09, 5.25, 9.665],
			"rotation": {"angle": 22.5, "axis": "x", "origin": [8, 4.35, 9.575]},
			"faces": {
				"north": {"uv": [4.5, 7.5, 4.625, 8.25], "texture": "#0"},
				"east": {"uv": [4.75, 7.5, 4.875, 8.25], "texture": "#0"},
				"south": {"uv": [7.5, 5.75, 7.625, 6.5], "texture": "#0"},
				"west": {"uv": [6, 7.5, 6.125, 8.25], "texture": "#0"},
				"up": {"uv": [3.625, 8.125, 3.5, 8], "texture": "#0"},
				"down": {"uv": [8.125, 3.5, 8, 3.625], "texture": "#0"}
			}
		},
		{
			"from": [7.925, 3.795, 9.26],
			"to": [8.075, 5.7, 9.44],
			"rotation": {"angle": 0, "axis": "x", "origin": [8, 4.8, 9.335]},
			"faces": {
				"north": {"uv": [6.25, 7.5, 6.375, 8.25], "texture": "#0"},
				"east": {"uv": [6.5, 7.5, 6.625, 8.25], "texture": "#0"},
				"south": {"uv": [7.5, 6.5, 7.625, 7.25], "texture": "#0"},
				"west": {"uv": [6.75, 7.5, 6.875, 8.25], "texture": "#0"},
				"up": {"uv": [3.875, 8.125, 3.75, 8], "texture": "#0"},
				"down": {"uv": [8.125, 3.75, 8, 3.875], "texture": "#0"}
			}
		},
		{
			"from": [7.91, 6.45, 10.94],
			"to": [8.09, 8.4, 11.135],
			"rotation": {"angle": -22.5, "axis": "x", "origin": [8, 7.5, 11.045]},
			"faces": {
				"north": {"uv": [1.25, 7.5, 1.375, 8.375], "texture": "#0"},
				"east": {"uv": [1.5, 7.5, 1.625, 8.375], "texture": "#0"},
				"south": {"uv": [1.75, 7.5, 1.875, 8.375], "texture": "#0"},
				"west": {"uv": [2, 7.5, 2.125, 8.375], "texture": "#0"},
				"up": {"uv": [7.875, 7.625, 7.75, 7.5], "texture": "#0"},
				"down": {"uv": [7.875, 7.75, 7.75, 7.875], "texture": "#0"}
			}
		},
		{
			"from": [7.925, 8.23203, 10.46759],
			"to": [8.075, 8.53203, 10.70759],
			"rotation": {"angle": -45, "axis": "x", "origin": [8, 8.38203, 10.58759]},
			"faces": {
				"north": {"uv": [8, 0, 8.125, 0.125], "texture": "#0"},
				"east": {"uv": [0.25, 8, 0.375, 8.125], "texture": "#0"},
				"south": {"uv": [8, 0.25, 8.125, 0.375], "texture": "#0"},
				"west": {"uv": [0.5, 8, 0.625, 8.125], "texture": "#0"},
				"up": {"uv": [8.125, 0.625, 8, 0.5], "texture": "#0"},
				"down": {"uv": [0.875, 8, 0.75, 8.125], "texture": "#0"}
			}
		},
		{
			"from": [7.895, 6.6, -1.3],
			"to": [8.105, 8.175, -0.85],
			"rotation": {"angle": 0, "axis": "y", "origin": [7.4, 7.2, -8.5]},
			"faces": {
				"north": {"uv": [7.5, 7.25, 7.625, 7.875], "texture": "#0"},
				"east": {"uv": [0, 7.5, 0.25, 8.125], "texture": "#0"},
				"south": {"uv": [7.75, 0, 7.875, 0.625], "texture": "#0"},
				"west": {"uv": [7.5, 0, 7.75, 0.625], "texture": "#0"},
				"up": {"uv": [5.875, 8, 5.75, 7.75], "texture": "#0"},
				"down": {"uv": [7.875, 5.75, 7.75, 6], "texture": "#0"}
			}
		},
		{
			"from": [7.91, 6.45, -1.195],
			"to": [8.09, 7.8, -0.565],
			"rotation": {"angle": -22.5, "axis": "x", "origin": [8, 7.5, -0.655]},
			"faces": {
				"north": {"uv": [7, 7.5, 7.125, 8.125], "texture": "#0"},
				"east": {"uv": [4, 7.25, 4.25, 7.875], "texture": "#0"},
				"south": {"uv": [7.25, 7.5, 7.375, 8.125], "texture": "#0"},
				"west": {"uv": [4.25, 7.25, 4.5, 7.875], "texture": "#0"},
				"up": {"uv": [5.375, 8, 5.25, 7.75], "texture": "#0"},
				"down": {"uv": [5.625, 7.75, 5.5, 8], "texture": "#0"}
			}
		},
		{
			"from": [7.925, 7.58703, -1.24741],
			"to": [8.075, 8.23203, -0.82741],
			"rotation": {"angle": -22.5, "axis": "x", "origin": [8, 8.08203, -1.11241]},
			"faces": {
				"north": {"uv": [7.75, 6, 7.875, 6.25], "texture": "#0"},
				"east": {"uv": [7.75, 6.25, 7.875, 6.5], "texture": "#0"},
				"south": {"uv": [7.75, 6.5, 7.875, 6.75], "texture": "#0"},
				"west": {"uv": [7.75, 6.75, 7.875, 7], "texture": "#0"},
				"up": {"uv": [4.125, 8.125, 4, 8], "texture": "#0"},
				"down": {"uv": [8.125, 4, 8, 4.125], "texture": "#0"}
			}
		},
		{
			"from": [7.4, 4.2, 8],
			"to": [8.6, 4.8, 11],
			"rotation": {"angle": 0, "axis": "y", "origin": [7.4, 4.8, 3.2]},
			"faces": {
				"north": {"uv": [7.25, 3.5, 7.75, 3.75], "texture": "#0"},
				"east": {"uv": [7, 0.75, 8.25, 1], "texture": "#0"},
				"south": {"uv": [7.25, 3.75, 7.75, 4], "texture": "#0"},
				"west": {"uv": [7, 1, 8.25, 1.25], "texture": "#0"},
				"up": {"uv": [6.5, 7, 6, 5.75], "texture": "#0"},
				"down": {"uv": [6.75, 1.25, 6.25, 2.5], "texture": "#0"}
			}
		},
		{
			"from": [7.4, 3, 9.725],
			"to": [8.6, 4.2, 11],
			"rotation": {"angle": 0, "axis": "y", "origin": [7.4, 4.2, 5]},
			"faces": {
				"north": {"uv": [7, 1.25, 7.5, 1.75], "texture": "#0"},
				"east": {"uv": [6, 7, 6.5, 7.5], "texture": "#0"},
				"south": {"uv": [6.5, 7, 7, 7.5], "texture": "#0"},
				"west": {"uv": [7, 6.5, 7.5, 7], "texture": "#0"},
				"up": {"uv": [7.5, 7.5, 7, 7], "texture": "#0"},
				"down": {"uv": [7.75, 1.75, 7.25, 2.25], "texture": "#0"}
			}
		},
		{
			"from": [7.415, 1.2, 10.1],
			"to": [8.585, 4.05, 11.45],
			"rotation": {"angle": -22.5, "axis": "x", "origin": [8, 3, 10.7]},
			"faces": {
				"north": {"uv": [6.25, 2.5, 6.75, 3.75], "texture": "#0"},
				"east": {"uv": [5.25, 5.75, 5.875, 7], "texture": "#0"},
				"south": {"uv": [6.5, 5.75, 7, 7], "texture": "#0"},
				"west": {"uv": [6, 0, 6.625, 1.25], "texture": "#0"},
				"up": {"uv": [7.5, 4.625, 7, 4], "texture": "#0"},
				"down": {"uv": [5.5, 7, 5, 7.625], "texture": "#0"}
			}
		},
		{
			"from": [7.4, 3.15, 8],
			"to": [8.6, 3.3, 9.8],
			"rotation": {"angle": 0, "axis": "y", "origin": [7.4, 3.3, 3.2]},
			"faces": {
				"north": {"uv": [0.25, 7.75, 0.75, 7.875], "texture": "#0"},
				"east": {"uv": [7.5, 1.25, 8.25, 1.375], "texture": "#0"},
				"south": {"uv": [0.75, 7.75, 1.25, 7.875], "texture": "#0"},
				"west": {"uv": [7.5, 1.5, 8.25, 1.625], "texture": "#0"},
				"up": {"uv": [7.25, 3.25, 6.75, 2.5], "texture": "#0"},
				"down": {"uv": [7.25, 3.25, 6.75, 4], "texture": "#0"}
			}
		},
		{
			"from": [7.355, 2.4, 17.765],
			"to": [8.645, 6.6, 18.38],
			"rotation": {"angle": 0, "axis": "y", "origin": [8.15, 5.745, 17.765]},
			"faces": {
				"north": {"uv": [1, 5.75, 1.5, 7.5], "texture": "#0"},
				"east": {"uv": [4.5, 5, 4.75, 6.75], "texture": "#0"},
				"south": {"uv": [1.5, 5.75, 2, 7.5], "texture": "#0"},
				"west": {"uv": [6.75, 0, 7, 1.75], "texture": "#0"},
				"up": {"uv": [0.75, 7.75, 0.25, 7.5], "texture": "#0"},
				"down": {"uv": [1.25, 7.5, 0.75, 7.75], "texture": "#0"}
			}
		},
		{
			"from": [7.415, 3.75, 11.555],
			"to": [8.585, 4.5, 18.035],
			"rotation": {"angle": 22.5, "axis": "x", "origin": [7.55, 3.75, 14.555]},
			"faces": {
				"north": {"uv": [7.25, 2.25, 7.75, 2.625], "texture": "#0"},
				"east": {"uv": [5.25, 4.75, 8, 5.125], "texture": "#0"},
				"south": {"uv": [7.25, 2.75, 7.75, 3.125], "texture": "#0"},
				"west": {"uv": [5.25, 5.25, 8, 5.625], "texture": "#0"},
				"up": {"uv": [5.25, 6.75, 4.75, 4], "texture": "#0"},
				"down": {"uv": [3.5, 5, 3, 7.75], "texture": "#0"}
			}
		},
		{
			"from": [7.37, 4.5, 13.955],
			"to": [8.63, 6, 18.005],
			"rotation": {"angle": 22.5, "axis": "x", "origin": [7.55, 4.35, 14.555]},
			"faces": {
				"north": {"uv": [5.5, 7, 6, 7.625], "texture": "#0"},
				"east": {"uv": [4.5, 2.5, 6.25, 3.125], "texture": "#0"},
				"south": {"uv": [7, 5.75, 7.5, 6.375], "texture": "#0"},
				"west": {"uv": [5.25, 4, 7, 4.625], "texture": "#0"},
				"up": {"uv": [2.5, 7.5, 2, 5.75], "texture": "#0"},
				"down": {"uv": [3, 5.75, 2.5, 7.5], "texture": "#0"}
			}
		},
		{
			"from": [7.4, 4.70483, 12.79575],
			"to": [8.6, 6.59483, 17.89575],
			"rotation": {"angle": 0, "axis": "y", "origin": [8.15, 5.97983, 16.24575]},
			"faces": {
				"north": {"uv": [4.5, 6.75, 5, 7.5], "texture": "#0"},
				"east": {"uv": [1, 3.25, 3.125, 4], "texture": "#0"},
				"south": {"uv": [7, 0, 7.5, 0.75], "texture": "#0"},
				"west": {"uv": [3.25, 3.25, 5.375, 4], "texture": "#0"},
				"up": {"uv": [4, 7.125, 3.5, 5], "texture": "#0"},
				"down": {"uv": [4.5, 5, 4, 7.125], "texture": "#0"}
			}
		}
	],
	"display": {
		"thirdperson_righthand": {
			"translation": [0, 3, 0]
		},
		"thirdperson_lefthand": {
			"translation": [0, 3, 0]
		},
		"firstperson_righthand": {
			"translation": [-2.5, 7, 0],
			"scale": [1, 1, 1.2]
		},
		"ground": {
			"translation": [0, 3, 0]
		},
		"gui": {
			"rotation": [118.18, 50.36, -129.14],
			"translation": [2.25, 2.75, 0]
		},
		"fixed": {
			"rotation": [90, 45, -90],
			"translation": [2.25, 1.75, -1.75]
		}
	}
}