{
	"texture_size": [64, 64],
	"textures": {
		"1": "item/weapons/ak47",
		"particle": "item/weapons/ak47"
	},
	"elements": [
		{
			"from": [7, 4, 5],
			"to": [9, 6, 13.025],
			"rotation": {"angle": 0, "axis": "y", "origin": [7, 4, 11]},
			"faces": {
				"north": {"uv": [7, 3, 8, 4], "texture": "#1"},
				"east": {"uv": [0, 0, 4, 1], "texture": "#1"},
				"south": {"uv": [7, 4, 8, 5], "texture": "#1"},
				"west": {"uv": [0, 1, 4, 2], "texture": "#1"},
				"up": {"uv": [1, 6, 0, 2], "texture": "#1"},
				"down": {"uv": [2, 2, 1, 6], "texture": "#1"}
			}
		},
		{
			"from": [7.475, 1.75, 7],
			"to": [8.525, 5, 8.75],
			"rotation": {"angle": 22.5, "axis": "x", "origin": [8, 1, 7.75]},
			"faces": {
				"north": {"uv": [8, 2, 8.5, 3.75], "texture": "#1"},
				"east": {"uv": [1, 6, 2, 7.75], "texture": "#1"},
				"south": {"uv": [2.5, 8, 3, 9.75], "texture": "#1"},
				"west": {"uv": [6, 2, 7, 3.75], "texture": "#1"},
				"up": {"uv": [3, 11, 2.5, 10], "texture": "#1"},
				"down": {"uv": [5.5, 10, 5, 11], "texture": "#1"}
			}
		},
		{
			"from": [7.5, 1.43218, 8.65617],
			"to": [8.5, 2.50718, 9.40617],
			"rotation": {"angle": -22.5, "axis": "x", "origin": [8, 1.96968, 9.03117]},
			"faces": {
				"north": {"uv": [11, 6.5, 11.5, 7], "texture": "#1"},
				"east": {"uv": [11.5, 8, 11.75, 8.5], "texture": "#1"},
				"south": {"uv": [7, 11, 7.5, 11.5], "texture": "#1"},
				"west": {"uv": [8.5, 11.5, 8.75, 12], "texture": "#1"},
				"up": {"uv": [9.5, 11.75, 9, 11.5], "texture": "#1"},
				"down": {"uv": [12, 9, 11.5, 9.25], "texture": "#1"}
			}
		},
		{
			"from": [7.525, 1.93218, 8.43117],
			"to": [8.475, 3.00718, 9.43117],
			"rotation": {"angle": 0, "axis": "x", "origin": [8, 2.46968, 9.05617]},
			"faces": {
				"north": {"uv": [11, 7, 11.5, 7.5], "texture": "#1"},
				"east": {"uv": [7.5, 11, 8, 11.5], "texture": "#1"},
				"south": {"uv": [11, 7.5, 11.5, 8], "texture": "#1"},
				"west": {"uv": [11, 8, 11.5, 8.5], "texture": "#1"},
				"up": {"uv": [9.5, 11.5, 9, 11], "texture": "#1"},
				"down": {"uv": [11.5, 9, 11, 9.5], "texture": "#1"}
			}
		},
		{
			"from": [7.45, -1.23814, 6.94719],
			"to": [8.55, 2.76186, 8.82219],
			"rotation": {"angle": 45, "axis": "x", "origin": [8, 1.26186, 7.82219]},
			"faces": {
				"north": {"uv": [5, 7, 5.5, 9], "texture": "#1"},
				"east": {"uv": [4, 0, 5, 2], "texture": "#1"},
				"south": {"uv": [5.5, 7, 6, 9], "texture": "#1"},
				"west": {"uv": [4, 4, 5, 6], "texture": "#1"},
				"up": {"uv": [6, 11, 5.5, 10], "texture": "#1"},
				"down": {"uv": [6.5, 10, 6, 11], "texture": "#1"}
			}
		},
		{
			"from": [7.5, 4.25, 1.75],
			"to": [8.5, 6.25, 5.025],
			"rotation": {"angle": 0, "axis": "y", "origin": [7, 4.25, 8]},
			"faces": {
				"north": {"uv": [1.5, 10, 2, 11], "texture": "#1"},
				"east": {"uv": [5, 0, 6.75, 1], "texture": "#1"},
				"south": {"uv": [2, 10, 2.5, 11], "texture": "#1"},
				"west": {"uv": [5, 1, 6.75, 2], "texture": "#1"},
				"up": {"uv": [2, 9.75, 1.5, 8], "texture": "#1"},
				"down": {"uv": [2.5, 8, 2, 9.75], "texture": "#1"}
			}
		},
		{
			"from": [7.525, 4.55, 4.275],
			"to": [8.475, 5.55, 5.525],
			"rotation": {"angle": 22.5, "axis": "x", "origin": [8, 5.55, 3.9]},
			"faces": {
				"north": {"uv": [9.5, 11, 10, 11.5], "texture": "#1"},
				"east": {"uv": [10.5, 2.5, 11.25, 3], "texture": "#1"},
				"south": {"uv": [11, 9.5, 11.5, 10], "texture": "#1"},
				"west": {"uv": [10.5, 3, 11.25, 3.5], "texture": "#1"},
				"up": {"uv": [7, 10.75, 6.5, 10], "texture": "#1"},
				"down": {"uv": [11, 5, 10.5, 5.75], "texture": "#1"}
			}
		},
		{
			"from": [7.475, 5.4, 5.05],
			"to": [8.525, 6.4, 6.3],
			"rotation": {"angle": 22.5, "axis": "x", "origin": [8, 6.4, 4.675]},
			"faces": {
				"north": {"uv": [10, 11, 10.5, 11.5], "texture": "#1"},
				"east": {"uv": [10.5, 3.5, 11.25, 4], "texture": "#1"},
				"south": {"uv": [11, 10, 11.5, 10.5], "texture": "#1"},
				"west": {"uv": [7, 10.5, 7.75, 11], "texture": "#1"},
				"up": {"uv": [8.5, 11.25, 8, 10.5], "texture": "#1"},
				"down": {"uv": [9, 10.5, 8.5, 11.25], "texture": "#1"}
			}
		},
		{
			"from": [7.725, 4.4, -4.25],
			"to": [8.275, 6.65, -3.75],
			"rotation": {"angle": 0, "axis": "y", "origin": [7, 4.4, 2]},
			"faces": {
				"north": {"uv": [0.5, 11, 0.75, 12.25], "texture": "#1"},
				"east": {"uv": [1, 11, 1.25, 12.25], "texture": "#1"},
				"south": {"uv": [1.5, 11, 1.75, 12.25], "texture": "#1"},
				"west": {"uv": [2, 11, 2.25, 12.25], "texture": "#1"},
				"up": {"uv": [12.25, 1.25, 12, 1], "texture": "#1"},
				"down": {"uv": [12.25, 1.5, 12, 1.75], "texture": "#1"}
			}
		},
		{
			"from": [7.775, 5.15, -3.75],
			"to": [8.225, 6.65, -3.25],
			"rotation": {"angle": -22.5, "axis": "x", "origin": [8, 5.4, -3.5]},
			"faces": {
				"north": {"uv": [11.5, 1, 11.75, 1.75], "texture": "#1"},
				"east": {"uv": [11.5, 2, 11.75, 2.75], "texture": "#1"},
				"south": {"uv": [3, 11.5, 3.25, 12.25], "texture": "#1"},
				"west": {"uv": [11.5, 3, 11.75, 3.75], "texture": "#1"},
				"up": {"uv": [12.25, 2.25, 12, 2], "texture": "#1"},
				"down": {"uv": [2.75, 12, 2.5, 12.25], "texture": "#1"}
			}
		},
		{
			"from": [7.775, 5.4, -1.45],
			"to": [8.225, 6.4, 0.075],
			"rotation": {"angle": -45, "axis": "x", "origin": [8, 5.4, 0]},
			"faces": {
				"north": {"uv": [9.5, 11.5, 9.75, 12], "texture": "#1"},
				"east": {"uv": [10.5, 1.5, 11.25, 2], "texture": "#1"},
				"south": {"uv": [11.5, 9.5, 11.75, 10], "texture": "#1"},
				"west": {"uv": [10.5, 2, 11.25, 2.5], "texture": "#1"},
				"up": {"uv": [11.25, 11.25, 11, 10.5], "texture": "#1"},
				"down": {"uv": [11.75, 0, 11.5, 0.75], "texture": "#1"}
			}
		},
		{
			"from": [7.75, 5.65, -0.65],
			"to": [8.25, 6.15, 1.75],
			"rotation": {"angle": 0, "axis": "y", "origin": [7, 4.4, 4.75]},
			"faces": {
				"north": {"uv": [11.5, 10.5, 11.75, 10.75], "texture": "#1"},
				"east": {"uv": [10.5, 8.5, 11.75, 8.75], "texture": "#1"},
				"south": {"uv": [11, 11.5, 11.25, 11.75], "texture": "#1"},
				"west": {"uv": [9, 10.5, 10.25, 10.75], "texture": "#1"},
				"up": {"uv": [10.75, 11.75, 10.5, 10.5], "texture": "#1"},
				"down": {"uv": [0.25, 11, 0, 12.25], "texture": "#1"}
			}
		},
		{
			"from": [7.75, 4.9, -4.75],
			"to": [8.25, 5.4, 1.75],
			"rotation": {"angle": 0, "axis": "y", "origin": [7, 3.65, 4.75]},
			"faces": {
				"north": {"uv": [11.5, 11, 11.75, 11.25], "texture": "#1"},
				"east": {"uv": [7, 5, 10.25, 5.25], "texture": "#1"},
				"south": {"uv": [11.5, 11.5, 11.75, 11.75], "texture": "#1"},
				"west": {"uv": [7, 5.5, 10.25, 5.75], "texture": "#1"},
				"up": {"uv": [3.25, 11.25, 3, 8], "texture": "#1"},
				"down": {"uv": [3.75, 8, 3.5, 11.25], "texture": "#1"}
			}
		},
		{
			"from": [7.75, 4.375, -4.75],
			"to": [8.25, 4.625, 1.75],
			"rotation": {"angle": 0, "axis": "y", "origin": [7, 2.875, 4.75]},
			"faces": {
				"north": {"uv": [12, 0, 12.25, 0.25], "texture": "#1"},
				"east": {"uv": [8, 4, 11.25, 4.25], "texture": "#1"},
				"south": {"uv": [12, 0.5, 12.25, 0.75], "texture": "#1"},
				"west": {"uv": [8, 4.5, 11.25, 4.75], "texture": "#1"},
				"up": {"uv": [4.25, 11.25, 4, 8], "texture": "#1"},
				"down": {"uv": [4.75, 8, 4.5, 11.25], "texture": "#1"}
			}
		},
		{
			"from": [7.6, 3, 10.25],
			"to": [8.4, 4, 10.5],
			"rotation": {"angle": 0, "axis": "y", "origin": [7, 3, 11]},
			"faces": {
				"north": {"uv": [10.5, 9, 11, 9.5], "texture": "#1"},
				"east": {"uv": [11.5, 4, 11.75, 4.5], "texture": "#1"},
				"south": {"uv": [11, 5, 11.5, 5.5], "texture": "#1"},
				"west": {"uv": [4.5, 11.5, 4.75, 12], "texture": "#1"},
				"up": {"uv": [12, 4.75, 11.5, 4.5], "texture": "#1"},
				"down": {"uv": [12, 5, 11.5, 5.25], "texture": "#1"}
			}
		},
		{
			"from": [7.6, 2.875, 10.25],
			"to": [8.4, 3.125, 12.25],
			"rotation": {"angle": 0, "axis": "x", "origin": [8, 3, 10.75]},
			"faces": {
				"north": {"uv": [11.5, 7.5, 12, 7.75], "texture": "#1"},
				"east": {"uv": [6, 11, 7, 11.25], "texture": "#1"},
				"south": {"uv": [8, 11.5, 8.5, 11.75], "texture": "#1"},
				"west": {"uv": [11, 6, 12, 6.25], "texture": "#1"},
				"up": {"uv": [10.5, 1, 10, 0], "texture": "#1"},
				"down": {"uv": [1.5, 10, 1, 11], "texture": "#1"}
			}
		},
		{
			"from": [7.6, 3, 11.75],
			"to": [8.4, 4, 12.25],
			"rotation": {"angle": 0, "axis": "y", "origin": [7, 3, 12.5]},
			"faces": {
				"north": {"uv": [5.5, 11, 6, 11.5], "texture": "#1"},
				"east": {"uv": [5.5, 11.5, 5.75, 12], "texture": "#1"},
				"south": {"uv": [11, 5.5, 11.5, 6], "texture": "#1"},
				"west": {"uv": [11.5, 5.5, 11.75, 6], "texture": "#1"},
				"up": {"uv": [6.5, 11.75, 6, 11.5], "texture": "#1"},
				"down": {"uv": [7, 11.5, 6.5, 11.75], "texture": "#1"}
			}
		},
		{
			"from": [7.8, 3.15, 11.075],
			"to": [8.2, 4.15, 11.325],
			"rotation": {"angle": 22.5, "axis": "x", "origin": [8, 3.65, 11.2]},
			"faces": {
				"north": {"uv": [11.5, 6.5, 11.75, 7], "texture": "#1"},
				"east": {"uv": [7, 11.5, 7.25, 12], "texture": "#1"},
				"south": {"uv": [11.5, 7, 11.75, 7.5], "texture": "#1"},
				"west": {"uv": [7.5, 11.5, 7.75, 12], "texture": "#1"},
				"up": {"uv": [10.25, 11.75, 10, 11.5], "texture": "#1"},
				"down": {"uv": [11.75, 10, 11.5, 10.25], "texture": "#1"}
			}
		},
		{
			"from": [7.75, 3.25, 12.25],
			"to": [8.25, 4.25, 14.25],
			"rotation": {"angle": -45, "axis": "x", "origin": [8, 3.75, 13.25]},
			"faces": {
				"north": {"uv": [3.5, 11.5, 3.75, 12], "texture": "#1"},
				"east": {"uv": [9, 9.5, 10, 10], "texture": "#1"},
				"south": {"uv": [4, 11.5, 4.25, 12], "texture": "#1"},
				"west": {"uv": [9.5, 9, 10.5, 9.5], "texture": "#1"},
				"up": {"uv": [2.75, 12, 2.5, 11], "texture": "#1"},
				"down": {"uv": [5.25, 11, 5, 12], "texture": "#1"}
			}
		},
		{
			"from": [7.5, 1, 12.25],
			"to": [8.5, 4.5, 13.4],
			"rotation": {"angle": -22.5, "axis": "x", "origin": [8, 3, 13.25]},
			"faces": {
				"north": {"uv": [7, 7, 7.5, 8.75], "texture": "#1"},
				"east": {"uv": [7.5, 6.5, 8, 8.25], "texture": "#1"},
				"south": {"uv": [8, 0, 8.5, 1.75], "texture": "#1"},
				"west": {"uv": [1, 8, 1.5, 9.75], "texture": "#1"},
				"up": {"uv": [9, 6.5, 8.5, 6], "texture": "#1"},
				"down": {"uv": [7.5, 9, 7, 9.5], "texture": "#1"}
			}
		},
		{
			"from": [7.175, 1.3, 20.1],
			"to": [8.825, 4.75, 21.1],
			"rotation": {"angle": 0, "axis": "x", "origin": [8, 3.825, 20.1]},
			"faces": {
				"north": {"uv": [4, 6, 4.75, 7.75], "texture": "#1"},
				"east": {"uv": [6, 7, 6.5, 8.75], "texture": "#1"},
				"south": {"uv": [6, 4, 6.75, 5.75], "texture": "#1"},
				"west": {"uv": [6.5, 7, 7, 8.75], "texture": "#1"},
				"up": {"uv": [10.75, 10, 10, 9.5], "texture": "#1"},
				"down": {"uv": [10.75, 10, 10, 10.5], "texture": "#1"}
			}
		},
		{
			"from": [7.25, 3.075, 14.375],
			"to": [8.75, 4.325, 15.8],
			"rotation": {"angle": 22.5, "axis": "x", "origin": [7, 3.075, 16.375]},
			"faces": {
				"north": {"uv": [8.5, 2, 9.25, 2.75], "texture": "#1"},
				"east": {"uv": [8.5, 3, 9.25, 3.75], "texture": "#1"},
				"south": {"uv": [7.5, 8.5, 8.25, 9.25], "texture": "#1"},
				"west": {"uv": [8.5, 8.5, 9.25, 9.25], "texture": "#1"},
				"up": {"uv": [5.75, 9.75, 5, 9], "texture": "#1"},
				"down": {"uv": [6.75, 9, 6, 9.75], "texture": "#1"}
			}
		},
		{
			"from": [7.225, 3, 13],
			"to": [8.775, 4.25, 20.45],
			"rotation": {"angle": 22.5, "axis": "x", "origin": [7, 3, 16]},
			"faces": {
				"north": {"uv": [7, 9.5, 7.75, 10.25], "texture": "#1"},
				"east": {"uv": [2, 2, 5.75, 2.75], "texture": "#1"},
				"south": {"uv": [8, 9.5, 8.75, 10.25], "texture": "#1"},
				"west": {"uv": [2, 3, 5.75, 3.75], "texture": "#1"},
				"up": {"uv": [2.75, 7.75, 2, 4], "texture": "#1"},
				"down": {"uv": [3.75, 4, 3, 7.75], "texture": "#1"}
			}
		},
		{
			"from": [7.2, 4.25, 17.5],
			"to": [8.8, 5.25, 20.5],
			"rotation": {"angle": 22.5, "axis": "x", "origin": [7, 4, 16]},
			"faces": {
				"north": {"uv": [10.5, 0.5, 11.25, 1], "texture": "#1"},
				"east": {"uv": [8.5, 0, 10, 0.5], "texture": "#1"},
				"south": {"uv": [10.5, 1, 11.25, 1.5], "texture": "#1"},
				"west": {"uv": [8.5, 0.5, 10, 1], "texture": "#1"},
				"up": {"uv": [7.75, 1.5, 7, 0], "texture": "#1"},
				"down": {"uv": [7.75, 1.5, 7, 3], "texture": "#1"}
			}
		},
		{
			"from": [7.25, 3.59139, 16.31791],
			"to": [8.75, 4.74139, 21.06791],
			"rotation": {"angle": 0, "axis": "x", "origin": [8, 4.21639, 18.81791]},
			"faces": {
				"north": {"uv": [0, 10.5, 0.75, 11], "texture": "#1"},
				"east": {"uv": [6, 6, 8.5, 6.5], "texture": "#1"},
				"south": {"uv": [10.5, 0, 11.25, 0.5], "texture": "#1"},
				"west": {"uv": [5, 6.5, 7.5, 7], "texture": "#1"},
				"up": {"uv": [5.75, 6.5, 5, 4], "texture": "#1"},
				"down": {"uv": [0.75, 6, 0, 8.5], "texture": "#1"}
			}
		},
		{
			"from": [7.275, 3.59139, 15.31791],
			"to": [8.725, 4.84139, 16.56791],
			"rotation": {"angle": -22.5, "axis": "x", "origin": [8, 4.21639, 16.69291]},
			"faces": {
				"north": {"uv": [9, 6, 9.75, 6.75], "texture": "#1"},
				"east": {"uv": [9, 7, 9.75, 7.75], "texture": "#1"},
				"south": {"uv": [0, 9.5, 0.75, 10.25], "texture": "#1"},
				"west": {"uv": [9.5, 1, 10.25, 1.75], "texture": "#1"},
				"up": {"uv": [10.25, 2.75, 9.5, 2], "texture": "#1"},
				"down": {"uv": [10.25, 3, 9.5, 3.75], "texture": "#1"}
			}
		},
		{
			"from": [7.25, 4, 13],
			"to": [8.75, 5, 15],
			"rotation": {"angle": 0, "axis": "y", "origin": [7, 4, 16]},
			"faces": {
				"north": {"uv": [10, 8, 10.75, 8.5], "texture": "#1"},
				"east": {"uv": [9, 8, 10, 8.5], "texture": "#1"},
				"south": {"uv": [9, 10, 9.75, 10.5], "texture": "#1"},
				"west": {"uv": [9.5, 8.5, 10.5, 9], "texture": "#1"},
				"up": {"uv": [8.75, 7.5, 8, 6.5], "texture": "#1"},
				"down": {"uv": [8.75, 7.5, 8, 8.5], "texture": "#1"}
			}
		},
		{
			"from": [7.275, 4.825, 12.55],
			"to": [8.725, 5.825, 13.8],
			"rotation": {"angle": 45, "axis": "x", "origin": [8, 5.325, 13]},
			"faces": {
				"north": {"uv": [10, 6, 10.75, 6.5], "texture": "#1"},
				"east": {"uv": [10, 6.5, 10.75, 7], "texture": "#1"},
				"south": {"uv": [10, 7, 10.75, 7.5], "texture": "#1"},
				"west": {"uv": [10, 7.5, 10.75, 8], "texture": "#1"},
				"up": {"uv": [0.75, 9.25, 0, 8.5], "texture": "#1"},
				"down": {"uv": [9.25, 1, 8.5, 1.75], "texture": "#1"}
			}
		}
	],
	"display": {
		"thirdperson_righthand": {
			"translation": [0, 5.25, 0]
		},
		"thirdperson_lefthand": {
			"translation": [0, 3.75, 1.25]
		},
		"firstperson_righthand": {
			"translation": [0, 7.25, -4]
		},
		"firstperson_lefthand": {
			"translation": [0, 7.5, 0]
		},
		"ground": {
			"rotation": [38.88, 54.47, -131.36],
			"translation": [0, 0, -5]
		},
		"gui": {
			"rotation": [118.18, 50.36, -129.14],
			"translation": [2.25, 2.75, 0]
		},
		"head": {
			"rotation": [0, -180, 0],
			"translation": [0, 13, 7]
		},
		"fixed": {
			"rotation": [90, 47.75, -90],
			"translation": [2.25, 2.75, 0]
		}
	}
}