{
	"format_version": "1.21.6",
	"credit": "Made with Blockbench",
	"texture_size": [32, 32],
	"textures": {
		"0": "item/weapons/amr20",
		"particle": "item/weapons/amr20"
	},
	"elements": [
		{
			"from": [7.5, 7.475, -7],
			"to": [8.5, 8.475, 9.25],
			"rotation": {"angle": 0, "axis": "y", "origin": [7, 7.475, -1]},
			"faces": {
				"north": {"uv": [11.5, 6.5, 12, 7], "texture": "#0"},
				"east": {"uv": [4, 4, 12.25, 4.5], "texture": "#0"},
				"south": {"uv": [4.5, 14, 5, 14.5], "texture": "#0"},
				"west": {"uv": [4, 4.5, 12.25, 5], "texture": "#0"},
				"up": {"uv": [4.5, 13.25, 4, 5], "texture": "#0"},
				"down": {"uv": [5, 5, 4.5, 13.25], "texture": "#0"}
			}
		},
		{
			"from": [7.25, 7.225, -15.525],
			"to": [8.75, 8.725, -6.925],
			"rotation": {"angle": 0, "axis": "y", "origin": [7, 7.475, -1]},
			"faces": {
				"north": {"uv": [13, 10, 13.75, 10.75], "texture": "#0"},
				"east": {"uv": [6, 1, 10.25, 1.75], "texture": "#0"},
				"south": {"uv": [13, 11, 13.75, 11.75], "texture": "#0"},
				"west": {"uv": [7, 6, 11.25, 6.75], "texture": "#0"},
				"up": {"uv": [7.75, 11.25, 7, 7], "texture": "#0"},
				"down": {"uv": [0.75, 8, 0, 12.25], "texture": "#0"}
			}
		},
		{
			"from": [7, 7, 10],
			"to": [9, 9, 22],
			"rotation": {"angle": 0, "axis": "y", "origin": [7, 7, 10]},
			"faces": {
				"north": {"uv": [11.5, 0, 12.5, 1], "texture": "#0"},
				"east": {"uv": [0, 0, 6, 1], "texture": "#0"},
				"south": {"uv": [11.5, 1, 12.5, 2], "texture": "#0"},
				"west": {"uv": [0, 1, 6, 2], "texture": "#0"},
				"up": {"uv": [1, 8, 0, 2], "texture": "#0"},
				"down": {"uv": [2, 2, 1, 8], "texture": "#0"}
			}
		},
		{
			"from": [7, 7, 22],
			"to": [9, 8.75, 30],
			"rotation": {"angle": 0, "axis": "y", "origin": [7, 7, 18]},
			"faces": {
				"north": {"uv": [12, 10, 13, 11], "texture": "#0"},
				"east": {"uv": [5, 5, 9, 6], "texture": "#0"},
				"south": {"uv": [12, 11, 13, 12], "texture": "#0"},
				"west": {"uv": [6, 0, 10, 1], "texture": "#0"},
				"up": {"uv": [6, 10, 5, 6], "texture": "#0"},
				"down": {"uv": [7, 6, 6, 10], "texture": "#0"}
			}
		},
		{
			"from": [6.75, 4.75, 30],
			"to": [9.25, 9, 31],
			"rotation": {"angle": 0, "axis": "y", "origin": [7, 7, 20]},
			"faces": {
				"north": {"uv": [8, 7, 9.25, 9.25], "texture": "#0"},
				"east": {"uv": [12, 5, 12.5, 7.25], "texture": "#0"},
				"south": {"uv": [9.5, 7, 10.75, 9.25], "texture": "#0"},
				"west": {"uv": [12, 7.5, 12.5, 9.75], "texture": "#0"},
				"up": {"uv": [14.25, 3, 13, 2.5], "texture": "#0"},
				"down": {"uv": [10.75, 13, 9.5, 13.5], "texture": "#0"}
			}
		},
		{
			"from": [7, 5, 30.25],
			"to": [9, 8.75, 31.25],
			"rotation": {"angle": 0, "axis": "y", "origin": [7, 7, 20]},
			"faces": {
				"north": {"uv": [1, 8, 2, 10], "texture": "#0"},
				"east": {"uv": [10.5, 0, 11.25, 2], "texture": "#0"},
				"south": {"uv": [8, 2, 9, 4], "texture": "#0"},
				"west": {"uv": [11, 9.5, 11.75, 11.5], "texture": "#0"},
				"up": {"uv": [13.5, 7.25, 12.5, 6.5], "texture": "#0"},
				"down": {"uv": [13.5, 7.5, 12.5, 8.25], "texture": "#0"}
			}
		},
		{
			"from": [7.6, 9.75, 18.25],
			"to": [8.4, 10.5, 25.5],
			"rotation": {"angle": 0, "axis": "y", "origin": [7, 9.75, 18]},
			"faces": {
				"north": {"uv": [14, 8, 14.5, 8.5], "texture": "#0"},
				"east": {"uv": [9, 2, 12.75, 2.5], "texture": "#0"},
				"south": {"uv": [9.5, 14, 10, 14.5], "texture": "#0"},
				"west": {"uv": [9, 2.5, 12.75, 3], "texture": "#0"},
				"up": {"uv": [8.5, 13.25, 8, 9.5], "texture": "#0"},
				"down": {"uv": [9, 9.5, 8.5, 13.25], "texture": "#0"}
			}
		},
		{
			"from": [7.375, 9.525, 16.55],
			"to": [8.625, 10.725, 18.25],
			"rotation": {"angle": 0, "axis": "y", "origin": [7, 9.75, 16.75]},
			"faces": {
				"north": {"uv": [13.5, 4, 14.25, 4.5], "texture": "#0"},
				"east": {"uv": [13.5, 8.5, 14.25, 9], "texture": "#0"},
				"south": {"uv": [13.5, 9, 14.25, 9.5], "texture": "#0"},
				"west": {"uv": [9.5, 13.5, 10.25, 14], "texture": "#0"},
				"up": {"uv": [2.75, 14.25, 2, 13.5], "texture": "#0"},
				"down": {"uv": [3.75, 13.5, 3, 14.25], "texture": "#0"}
			}
		},
		{
			"from": [7.525, 9.675, 19.5],
			"to": [8.475, 10.575, 20.75],
			"rotation": {"angle": 0, "axis": "y", "origin": [7, 9.75, 19.25]},
			"faces": {
				"north": {"uv": [14, 12, 14.5, 12.5], "texture": "#0"},
				"east": {"uv": [13.5, 9.5, 14.25, 10], "texture": "#0"},
				"south": {"uv": [12.5, 14, 13, 14.5], "texture": "#0"},
				"west": {"uv": [12, 13.5, 12.75, 14], "texture": "#0"},
				"up": {"uv": [11, 14.25, 10.5, 13.5], "texture": "#0"},
				"down": {"uv": [0.5, 14, 0, 14.75], "texture": "#0"}
			}
		},
		{
			"from": [7.425, 9.575, 18],
			"to": [8.575, 10.675, 20.25],
			"rotation": {"angle": 0, "axis": "y", "origin": [7, 9.75, 19.25]},
			"faces": {
				"north": {"uv": [14, 12.5, 14.5, 13], "texture": "#0"},
				"east": {"uv": [12.5, 1.5, 13.75, 2], "texture": "#0"},
				"south": {"uv": [13, 14, 13.5, 14.5], "texture": "#0"},
				"west": {"uv": [13, 2, 14.25, 2.5], "texture": "#0"},
				"up": {"uv": [13.5, 9.75, 13, 8.5], "texture": "#0"},
				"down": {"uv": [9.5, 13, 9, 14.25], "texture": "#0"}
			}
		},
		{
			"from": [7.7, 8.75, 22.25],
			"to": [8.3, 10.75, 23],
			"rotation": {"angle": 0, "axis": "y", "origin": [7, 9.75, 15]},
			"faces": {
				"north": {"uv": [11.5, 14, 11.75, 15], "texture": "#0"},
				"east": {"uv": [5, 13.5, 5.5, 14.5], "texture": "#0"},
				"south": {"uv": [12, 14, 12.25, 15], "texture": "#0"},
				"west": {"uv": [5.5, 13.5, 6, 14.5], "texture": "#0"},
				"up": {"uv": [14.75, 8, 14.5, 7.5], "texture": "#0"},
				"down": {"uv": [8.25, 14.5, 8, 15], "texture": "#0"}
			}
		},
		{
			"from": [7.7, 8.75, 20.875],
			"to": [8.3, 11, 21.625],
			"rotation": {"angle": 0, "axis": "y", "origin": [7, 9.75, 13.625]},
			"faces": {
				"north": {"uv": [0.5, 14, 0.75, 15.25], "texture": "#0"},
				"east": {"uv": [11.5, 5, 12, 6.25], "texture": "#0"},
				"south": {"uv": [4, 14, 4.25, 15.25], "texture": "#0"},
				"west": {"uv": [12.5, 8.5, 13, 9.75], "texture": "#0"},
				"up": {"uv": [14.75, 8.5, 14.5, 8], "texture": "#0"},
				"down": {"uv": [8.75, 14.5, 8.5, 15], "texture": "#0"}
			}
		},
		{
			"from": [7.7, 8.75, 23.35],
			"to": [8.3, 10.65, 24],
			"rotation": {"angle": 0, "axis": "y", "origin": [7, 9.75, 16]},
			"faces": {
				"north": {"uv": [10, 14, 10.25, 15], "texture": "#0"},
				"east": {"uv": [14, 10, 14.25, 11], "texture": "#0"},
				"south": {"uv": [11, 14, 11.25, 15], "texture": "#0"},
				"west": {"uv": [14, 11, 14.25, 12], "texture": "#0"},
				"up": {"uv": [14.75, 9.25, 14.5, 9], "texture": "#0"},
				"down": {"uv": [9.75, 14.5, 9.5, 14.75], "texture": "#0"}
			}
		},
		{
			"from": [7.425, 6.5, 22],
			"to": [8.575, 7, 23],
			"rotation": {"angle": 0, "axis": "y", "origin": [7, 6.5, 18]},
			"faces": {
				"north": {"uv": [4.5, 14.5, 5, 14.75], "texture": "#0"},
				"east": {"uv": [5, 14.5, 5.5, 14.75], "texture": "#0"},
				"south": {"uv": [5.5, 14.5, 6, 14.75], "texture": "#0"},
				"west": {"uv": [6, 14.5, 6.5, 14.75], "texture": "#0"},
				"up": {"uv": [8, 14.5, 7.5, 14], "texture": "#0"},
				"down": {"uv": [14.5, 7.5, 14, 8], "texture": "#0"}
			}
		},
		{
			"from": [7.9, 6.025, 22.525],
			"to": [8.1, 6.775, 22.775],
			"rotation": {"angle": 22.5, "axis": "x", "origin": [8, 6.775, 22.65]},
			"faces": {
				"north": {"uv": [14.5, 6, 14.75, 6.5], "texture": "#0"},
				"east": {"uv": [6.5, 14.5, 6.75, 15], "texture": "#0"},
				"south": {"uv": [14.5, 6.5, 14.75, 7], "texture": "#0"},
				"west": {"uv": [7, 14.5, 7.25, 15], "texture": "#0"},
				"up": {"uv": [14.75, 8.75, 14.5, 8.5], "texture": "#0"},
				"down": {"uv": [9.25, 14.5, 9, 14.75], "texture": "#0"}
			}
		},
		{
			"from": [7.425, 5.75, 22],
			"to": [8.575, 6, 23.5],
			"rotation": {"angle": 0, "axis": "y", "origin": [8, 5.875, 22.75]},
			"faces": {
				"north": {"uv": [14.5, 7, 15, 7.25], "texture": "#0"},
				"east": {"uv": [14.5, 2, 15.25, 2.25], "texture": "#0"},
				"south": {"uv": [7.5, 14.5, 8, 14.75], "texture": "#0"},
				"west": {"uv": [14.5, 2.5, 15.25, 2.75], "texture": "#0"},
				"up": {"uv": [8.5, 14.25, 8, 13.5], "texture": "#0"},
				"down": {"uv": [9, 13.5, 8.5, 14.25], "texture": "#0"}
			}
		},
		{
			"from": [7.4, 5.75, 17.75],
			"to": [8.6, 7, 22],
			"rotation": {"angle": 0, "axis": "y", "origin": [7, 5.25, 10]},
			"faces": {
				"north": {"uv": [6, 13.5, 6.5, 14.25], "texture": "#0"},
				"east": {"uv": [9, 3, 11.25, 3.75], "texture": "#0"},
				"south": {"uv": [6.5, 13.5, 7, 14.25], "texture": "#0"},
				"west": {"uv": [9, 5, 11.25, 5.75], "texture": "#0"},
				"up": {"uv": [7.5, 13.75, 7, 11.5], "texture": "#0"},
				"down": {"uv": [8, 11.5, 7.5, 13.75], "texture": "#0"}
			}
		},
		{
			"from": [7.4, 4.25, 23],
			"to": [8.6, 8.5, 24.25],
			"rotation": {"angle": -22.5, "axis": "x", "origin": [8, 6.375, 23.625]},
			"faces": {
				"north": {"uv": [11, 11.5, 11.5, 13.75], "texture": "#0"},
				"east": {"uv": [10, 9.5, 10.75, 11.75], "texture": "#0"},
				"south": {"uv": [11.5, 11.5, 12, 13.75], "texture": "#0"},
				"west": {"uv": [11, 7, 11.75, 9.25], "texture": "#0"},
				"up": {"uv": [14, 7.25, 13.5, 6.5], "texture": "#0"},
				"down": {"uv": [14, 7.5, 13.5, 8.25], "texture": "#0"}
			}
		},
		{
			"from": [7.15, 7.15, 10],
			"to": [8.85, 8.85, 22],
			"rotation": {"angle": 45, "axis": "z", "origin": [8, 8, 14]},
			"faces": {
				"north": {"uv": [13, 12, 13.75, 12.75], "texture": "#0"},
				"east": {"uv": [2, 2, 8, 2.75], "texture": "#0"},
				"south": {"uv": [13, 13, 13.75, 13.75], "texture": "#0"},
				"west": {"uv": [2, 3, 8, 3.75], "texture": "#0"},
				"up": {"uv": [2.75, 10, 2, 4], "texture": "#0"},
				"down": {"uv": [3.75, 4, 3, 10], "texture": "#0"}
			}
		},
		{
			"from": [7, 7, 9],
			"to": [9, 9, 10],
			"rotation": {"angle": 0, "axis": "y", "origin": [7, 7, 8]},
			"faces": {
				"north": {"uv": [11.5, 3, 12.5, 4], "texture": "#0"},
				"east": {"uv": [10, 0, 10.5, 1], "texture": "#0"},
				"south": {"uv": [10, 12, 11, 13], "texture": "#0"},
				"west": {"uv": [13.5, 3, 14, 4], "texture": "#0"},
				"up": {"uv": [14.5, 1.5, 13.5, 1], "texture": "#0"},
				"down": {"uv": [5, 13.5, 4, 14], "texture": "#0"}
			}
		},
		{
			"from": [7.25, 7.25, 8.75],
			"to": [8.75, 8.75, 9],
			"rotation": {"angle": 0, "axis": "y", "origin": [7, 7, 7]},
			"faces": {
				"north": {"uv": [13.5, 0, 14.25, 0.75], "texture": "#0"},
				"east": {"uv": [1, 14.5, 1.25, 15.25], "texture": "#0"},
				"south": {"uv": [1, 13.5, 1.75, 14.25], "texture": "#0"},
				"west": {"uv": [1.5, 14.5, 1.75, 15.25], "texture": "#0"},
				"up": {"uv": [15.25, 1.25, 14.5, 1], "texture": "#0"},
				"down": {"uv": [2.75, 14.5, 2, 14.75], "texture": "#0"}
			}
		},
		{
			"from": [8, 1, 9.25],
			"to": [9, 8, 10.25],
			"rotation": {"angle": 22.5, "axis": "z", "origin": [7, 7, 8.25]},
			"faces": {
				"north": {"uv": [9, 9.5, 9.5, 13], "texture": "#0"},
				"east": {"uv": [9.5, 9.5, 10, 13], "texture": "#0"},
				"south": {"uv": [1, 10, 1.5, 13.5], "texture": "#0"},
				"west": {"uv": [1.5, 10, 2, 13.5], "texture": "#0"},
				"up": {"uv": [14.5, 6.5, 14, 6], "texture": "#0"},
				"down": {"uv": [14.5, 6.5, 14, 7], "texture": "#0"}
			}
		},
		{
			"from": [7, 1, 9.25],
			"to": [8, 8, 10.25],
			"rotation": {"angle": -22.5, "axis": "z", "origin": [9, 7, 8.25]},
			"faces": {
				"north": {"uv": [2, 10, 2.5, 13.5], "texture": "#0"},
				"east": {"uv": [2.5, 10, 3, 13.5], "texture": "#0"},
				"south": {"uv": [3, 10, 3.5, 13.5], "texture": "#0"},
				"west": {"uv": [3.5, 10, 4, 13.5], "texture": "#0"},
				"up": {"uv": [7.5, 14.5, 7, 14], "texture": "#0"},
				"down": {"uv": [14.5, 7, 14, 7.5], "texture": "#0"}
			}
		},
		{
			"from": [4.75, 1.75, 8.5],
			"to": [6, 2.25, 11],
			"rotation": {"angle": 0, "axis": "y", "origin": [4, 1, 8.75]},
			"faces": {
				"north": {"uv": [14, 13.5, 14.75, 13.75], "texture": "#0"},
				"east": {"uv": [14, 1.5, 15.25, 1.75], "texture": "#0"},
				"south": {"uv": [14, 14, 14.75, 14.25], "texture": "#0"},
				"west": {"uv": [14, 3, 15.25, 3.25], "texture": "#0"},
				"up": {"uv": [12.75, 13.25, 12, 12], "texture": "#0"},
				"down": {"uv": [0.75, 12.5, 0, 13.75], "texture": "#0"}
			}
		},
		{
			"from": [10, 1.75, 8.5],
			"to": [11.25, 2.25, 11],
			"rotation": {"angle": 0, "axis": "y", "origin": [12, 1, 8.75]},
			"faces": {
				"north": {"uv": [14.5, 0, 15.25, 0.25], "texture": "#0"},
				"east": {"uv": [14, 3.5, 15.25, 3.75], "texture": "#0"},
				"south": {"uv": [14.5, 0.5, 15.25, 0.75], "texture": "#0"},
				"west": {"uv": [14, 4.5, 15.25, 4.75], "texture": "#0"},
				"up": {"uv": [13.25, 1.25, 12.5, 0], "texture": "#0"},
				"down": {"uv": [13.25, 3, 12.5, 4.25], "texture": "#0"}
			}
		},
		{
			"from": [7.575, 1, 27.5],
			"to": [8.525, 8, 28.5],
			"rotation": {"angle": -22.5, "axis": "x", "origin": [6.55, 7, 26.5]},
			"faces": {
				"north": {"uv": [5, 10, 5.5, 13.5], "texture": "#0"},
				"east": {"uv": [5.5, 10, 6, 13.5], "texture": "#0"},
				"south": {"uv": [6, 10, 6.5, 13.5], "texture": "#0"},
				"west": {"uv": [6.5, 10, 7, 13.5], "texture": "#0"},
				"up": {"uv": [14.5, 13.5, 14, 13], "texture": "#0"},
				"down": {"uv": [14, 14, 13.5, 14.5], "texture": "#0"}
			}
		},
		{
			"from": [6.825, 1.75, 29.625],
			"to": [9.325, 2.25, 30.875],
			"rotation": {"angle": 0, "axis": "y", "origin": [8.075, 2, 30.25]},
			"faces": {
				"north": {"uv": [14, 5, 15.25, 5.25], "texture": "#0"},
				"east": {"uv": [3, 14.5, 3.75, 14.75], "texture": "#0"},
				"south": {"uv": [14, 5.5, 15.25, 5.75], "texture": "#0"},
				"west": {"uv": [14.5, 4, 15.25, 4.25], "texture": "#0"},
				"up": {"uv": [13.75, 5.25, 12.5, 4.5], "texture": "#0"},
				"down": {"uv": [13.75, 5.5, 12.5, 6.25], "texture": "#0"}
			}
		}
	],
	"display": {
		"thirdperson_righthand": {
			"rotation": [68, 0, 0],
			"translation": [0.25, 19.75, 3]
		},
		"thirdperson_lefthand": {
			"translation": [0, 1.25, -10.75]
		},
		"firstperson_righthand": {
			"translation": [0, 4.75, -13.75]
		},
		"firstperson_lefthand": {
			"translation": [0, 4.75, -13.75]
		},
		"gui": {
			"rotation": [89, -119, 90],
			"translation": [0, 1, 0]
		},
		"fixed": {
			"rotation": [0, 90, 0],
			"translation": [-7.75, 0, 0]
		}
	}
}