{
	"format_version": "1.9.0",
	"credit": "Made with Blockbench",
	"texture_size": [64, 64],
	"textures": {
		"0": "item/weapons/desert_eagle",
		"particle": "item/weapons/desert_eagle"
	},
	"elements": [
		{
			"from": [8.05, -1.29815, 8.55556],
			"to": [10.55, 6.70185, 10.80556],
			"rotation": {"angle": -22.5, "axis": "x", "origin": [9.175, 6.22142, 6.875]},
			"faces": {
				"north": {"uv": [0, 3.5, 0.625, 5.5], "texture": "#0"},
				"east": {"uv": [0.75, 3.5, 1.375, 5.5], "texture": "#0"},
				"south": {"uv": [3.5, 4, 4.125, 6], "texture": "#0"},
				"west": {"uv": [4.25, 4, 4.875, 6], "texture": "#0"},
				"up": {"uv": [2.125, 7.125, 1.5, 6.5], "texture": "#0"},
				"down": {"uv": [7.125, 4, 6.5, 4.625], "texture": "#0"}
			}
		},
		{
			"from": [8.175, -1.47315, 8.50556],
			"to": [10.425, -1.29815, 10.40556],
			"rotation": {"angle": -22.5, "axis": "x", "origin": [9.175, 6.22142, 6.875]},
			"faces": {
				"north": {"uv": [7.75, 3.75, 8.375, 3.875], "texture": "#0"},
				"east": {"uv": [4.25, 8.25, 4.75, 8.375], "texture": "#0"},
				"south": {"uv": [4.5, 7.75, 5.125, 7.875], "texture": "#0"},
				"west": {"uv": [8.25, 4.25, 8.75, 4.375], "texture": "#0"},
				"up": {"uv": [7.625, 2.5, 7, 2], "texture": "#0"},
				"down": {"uv": [7.625, 2.5, 7, 3], "texture": "#0"}
			}
		},
		{
			"from": [7.925, -0.27315, 8.80556],
			"to": [10.675, 4.92685, 10.55556],
			"rotation": {"angle": -22.5, "axis": "x", "origin": [9.175, 6.22142, 6.875]},
			"faces": {
				"north": {"uv": [5, 4, 5.75, 5.25], "texture": "#0"},
				"east": {"uv": [5.75, 5, 6.25, 6.25], "texture": "#0"},
				"south": {"uv": [5, 5.25, 5.75, 6.5], "texture": "#0"},
				"west": {"uv": [3.5, 6, 4, 7.25], "texture": "#0"},
				"up": {"uv": [7.5, 6.75, 6.75, 6.25], "texture": "#0"},
				"down": {"uv": [7.75, 1.5, 7, 2], "texture": "#0"}
			}
		},
		{
			"from": [8.075, -1.00472, 10.48552],
			"to": [10.525, 2.74528, 11.11052],
			"rotation": {"angle": -22.5, "axis": "x", "origin": [9.175, 6.22142, 6.875]},
			"faces": {
				"north": {"uv": [4, 6, 4.625, 7], "texture": "#0"},
				"east": {"uv": [1.25, 5.5, 1.375, 6.5], "texture": "#0"},
				"south": {"uv": [6.25, 0, 6.875, 1], "texture": "#0"},
				"west": {"uv": [5.5, 6.5, 5.625, 7.5], "texture": "#0"},
				"up": {"uv": [5.875, 7.875, 5.25, 7.75], "texture": "#0"},
				"down": {"uv": [6.625, 7.75, 6, 7.875], "texture": "#0"}
			}
		},
		{
			"from": [7.8, 6.5, -1],
			"to": [10.8, 8, 13.05],
			"rotation": {"angle": 0, "axis": "y", "origin": [9.175, 6.22142, 6.875]},
			"faces": {
				"north": {"uv": [7, 3, 7.75, 3.375], "texture": "#0"},
				"east": {"uv": [3.5, 3, 7, 3.375], "texture": "#0"},
				"south": {"uv": [7, 3.5, 7.75, 3.875], "texture": "#0"},
				"west": {"uv": [3.5, 3.5, 7, 3.875], "texture": "#0"},
				"up": {"uv": [0.75, 3.5, 0, 0], "texture": "#0"},
				"down": {"uv": [1.5, 0, 0.75, 3.5], "texture": "#0"}
			}
		},
		{
			"from": [8, 6.25, -0.8],
			"to": [10.6, 6.5, 6.6],
			"rotation": {"angle": 0, "axis": "y", "origin": [9.175, 4.72142, 6.875]},
			"faces": {
				"north": {"uv": [6.75, 7.75, 7.375, 7.875], "texture": "#0"},
				"east": {"uv": [6.5, 4.75, 8.375, 4.875], "texture": "#0"},
				"south": {"uv": [7.5, 7.75, 8.125, 7.875], "texture": "#0"},
				"west": {"uv": [7.25, 4, 9.125, 4.125], "texture": "#0"},
				"up": {"uv": [2.125, 6.375, 1.5, 4.5], "texture": "#0"},
				"down": {"uv": [2.875, 4.75, 2.25, 6.625], "texture": "#0"}
			}
		},
		{
			"from": [8.05, 6.125, 5.2],
			"to": [10.55, 6.5, 5.7],
			"rotation": {"angle": 0, "axis": "y", "origin": [9.175, 4.72142, 6.025]},
			"faces": {
				"north": {"uv": [8, 1.5, 8.625, 1.625], "texture": "#0"},
				"east": {"uv": [5, 8.75, 5.125, 8.875], "texture": "#0"},
				"south": {"uv": [8, 1.75, 8.625, 1.875], "texture": "#0"},
				"west": {"uv": [5.25, 8.75, 5.375, 8.875], "texture": "#0"},
				"up": {"uv": [2.625, 8.125, 2, 8], "texture": "#0"},
				"down": {"uv": [4.125, 8, 3.5, 8.125], "texture": "#0"}
			}
		},
		{
			"from": [8.05, 6.125, 4.45],
			"to": [10.55, 6.5, 4.95],
			"rotation": {"angle": 0, "axis": "y", "origin": [9.175, 4.72142, 5.275]},
			"faces": {
				"north": {"uv": [4.25, 8, 4.875, 8.125], "texture": "#0"},
				"east": {"uv": [5.5, 8.75, 5.625, 8.875], "texture": "#0"},
				"south": {"uv": [5, 8, 5.625, 8.125], "texture": "#0"},
				"west": {"uv": [8.75, 5.5, 8.875, 5.625], "texture": "#0"},
				"up": {"uv": [6.375, 8.125, 5.75, 8], "texture": "#0"},
				"down": {"uv": [8.625, 5.75, 8, 5.875], "texture": "#0"}
			}
		},
		{
			"from": [8.05, 6.125, 2.95],
			"to": [10.55, 6.5, 3.45],
			"rotation": {"angle": 0, "axis": "y", "origin": [9.175, 4.72142, 3.775]},
			"faces": {
				"north": {"uv": [8, 6.75, 8.625, 6.875], "texture": "#0"},
				"east": {"uv": [6, 8.75, 6.125, 8.875], "texture": "#0"},
				"south": {"uv": [8, 7, 8.625, 7.125], "texture": "#0"},
				"west": {"uv": [8.75, 6, 8.875, 6.125], "texture": "#0"},
				"up": {"uv": [7.875, 8.125, 7.25, 8], "texture": "#0"},
				"down": {"uv": [8.625, 7.25, 8, 7.375], "texture": "#0"}
			}
		},
		{
			"from": [8.05, 6.125, 3.7],
			"to": [10.55, 6.5, 4.2],
			"rotation": {"angle": 0, "axis": "y", "origin": [9.175, 4.72142, 4.525]},
			"faces": {
				"north": {"uv": [8, 6, 8.625, 6.125], "texture": "#0"},
				"east": {"uv": [5.75, 8.75, 5.875, 8.875], "texture": "#0"},
				"south": {"uv": [8, 6.25, 8.625, 6.375], "texture": "#0"},
				"west": {"uv": [8.75, 5.75, 8.875, 5.875], "texture": "#0"},
				"up": {"uv": [7.125, 8.125, 6.5, 8], "texture": "#0"},
				"down": {"uv": [8.625, 6.5, 8, 6.625], "texture": "#0"}
			}
		},
		{
			"from": [8.05, 6.125, -0.05],
			"to": [10.55, 6.5, 0.45],
			"rotation": {"angle": 0, "axis": "y", "origin": [9.175, 4.72142, 0.775]},
			"faces": {
				"north": {"uv": [2.75, 8.25, 3.375, 8.375], "texture": "#0"},
				"east": {"uv": [7, 8.75, 7.125, 8.875], "texture": "#0"},
				"south": {"uv": [8.25, 2.75, 8.875, 2.875], "texture": "#0"},
				"west": {"uv": [8.75, 7, 8.875, 7.125], "texture": "#0"},
				"up": {"uv": [4.125, 8.375, 3.5, 8.25], "texture": "#0"},
				"down": {"uv": [8.875, 3.5, 8.25, 3.625], "texture": "#0"}
			}
		},
		{
			"from": [8.05, 6.125, 0.7],
			"to": [10.55, 6.5, 1.2],
			"rotation": {"angle": 0, "axis": "y", "origin": [9.175, 4.72142, 1.525]},
			"faces": {
				"north": {"uv": [2, 8.25, 2.625, 8.375], "texture": "#0"},
				"east": {"uv": [6.75, 8.75, 6.875, 8.875], "texture": "#0"},
				"south": {"uv": [8.25, 2, 8.875, 2.125], "texture": "#0"},
				"west": {"uv": [8.75, 6.75, 8.875, 6.875], "texture": "#0"},
				"up": {"uv": [8.875, 2.375, 8.25, 2.25], "texture": "#0"},
				"down": {"uv": [8.875, 2.5, 8.25, 2.625], "texture": "#0"}
			}
		},
		{
			"from": [8.05, 6.125, 1.45],
			"to": [10.55, 6.5, 1.95],
			"rotation": {"angle": 0, "axis": "y", "origin": [9.175, 4.72142, 2.275]},
			"faces": {
				"north": {"uv": [0.5, 8.25, 1.125, 8.375], "texture": "#0"},
				"east": {"uv": [6.5, 8.75, 6.625, 8.875], "texture": "#0"},
				"south": {"uv": [8.25, 0.5, 8.875, 0.625], "texture": "#0"},
				"west": {"uv": [8.75, 6.5, 8.875, 6.625], "texture": "#0"},
				"up": {"uv": [8.875, 0.875, 8.25, 0.75], "texture": "#0"},
				"down": {"uv": [1.875, 8.25, 1.25, 8.375], "texture": "#0"}
			}
		},
		{
			"from": [8.05, 6.125, 2.2],
			"to": [10.55, 6.5, 2.7],
			"rotation": {"angle": 0, "axis": "y", "origin": [9.175, 4.72142, 3.025]},
			"faces": {
				"north": {"uv": [8, 7.5, 8.625, 7.625], "texture": "#0"},
				"east": {"uv": [6.25, 8.75, 6.375, 8.875], "texture": "#0"},
				"south": {"uv": [8, 8, 8.625, 8.125], "texture": "#0"},
				"west": {"uv": [8.75, 6.25, 8.875, 6.375], "texture": "#0"},
				"up": {"uv": [8.875, 0.125, 8.25, 0], "texture": "#0"},
				"down": {"uv": [8.875, 0.25, 8.25, 0.375], "texture": "#0"}
			}
		},
		{
			"from": [8.35, 9.475, 1.55],
			"to": [10.25, 9.85, 2.05],
			"rotation": {"angle": 0, "axis": "y", "origin": [9.175, 8.07142, 2.375]},
			"color": 9,
			"faces": {
				"north": {"uv": [3, 7.25, 3.75, 7.625], "texture": "#missing"},
				"east": {"uv": [4.75, 3, 7.75, 3.375], "texture": "#missing"},
				"south": {"uv": [3.75, 7.25, 4.5, 7.625], "texture": "#missing"},
				"west": {"uv": [4.75, 3.5, 7.75, 3.875], "texture": "#missing"},
				"up": {"uv": [0.75, 3, 0, 0], "texture": "#missing"},
				"down": {"uv": [1.5, 0, 0.75, 3], "texture": "#missing"}
			}
		},
		{
			"from": [8.35, 9.475, 2.3],
			"to": [10.25, 9.85, 2.8],
			"rotation": {"angle": 0, "axis": "y", "origin": [9.175, 8.07142, 3.125]},
			"color": 6,
			"faces": {
				"north": {"uv": [3, 7.25, 3.75, 7.625], "texture": "#missing"},
				"east": {"uv": [4.75, 3, 7.75, 3.375], "texture": "#missing"},
				"south": {"uv": [3.75, 7.25, 4.5, 7.625], "texture": "#missing"},
				"west": {"uv": [4.75, 3.5, 7.75, 3.875], "texture": "#missing"},
				"up": {"uv": [0.75, 3, 0, 0], "texture": "#missing"},
				"down": {"uv": [1.5, 0, 0.75, 3], "texture": "#missing"}
			}
		},
		{
			"from": [8.35, 9.475, 3.05],
			"to": [10.25, 9.85, 3.55],
			"rotation": {"angle": 0, "axis": "y", "origin": [9.175, 8.07142, 3.875]},
			"color": 7,
			"faces": {
				"north": {"uv": [3, 7.25, 3.75, 7.625], "texture": "#missing"},
				"east": {"uv": [4.75, 3, 7.75, 3.375], "texture": "#missing"},
				"south": {"uv": [3.75, 7.25, 4.5, 7.625], "texture": "#missing"},
				"west": {"uv": [4.75, 3.5, 7.75, 3.875], "texture": "#missing"},
				"up": {"uv": [0.75, 3, 0, 0], "texture": "#missing"},
				"down": {"uv": [1.5, 0, 0.75, 3], "texture": "#missing"}
			}
		},
		{
			"from": [8.35, 9.475, 3.8],
			"to": [10.25, 9.85, 4.3],
			"rotation": {"angle": 0, "axis": "y", "origin": [9.175, 8.07142, 4.625]},
			"color": 5,
			"faces": {
				"north": {"uv": [3, 7.25, 3.75, 7.625], "texture": "#missing"},
				"east": {"uv": [4.75, 3, 7.75, 3.375], "texture": "#missing"},
				"south": {"uv": [3.75, 7.25, 4.5, 7.625], "texture": "#missing"},
				"west": {"uv": [4.75, 3.5, 7.75, 3.875], "texture": "#missing"},
				"up": {"uv": [0.75, 3, 0, 0], "texture": "#missing"},
				"down": {"uv": [1.5, 0, 0.75, 3], "texture": "#missing"}
			}
		},
		{
			"from": [8.35, 9.475, 4.55],
			"to": [10.25, 9.85, 5.05],
			"rotation": {"angle": 0, "axis": "y", "origin": [9.175, 8.07142, 5.375]},
			"color": 3,
			"faces": {
				"north": {"uv": [3, 7.25, 3.75, 7.625], "texture": "#missing"},
				"east": {"uv": [4.75, 3, 7.75, 3.375], "texture": "#missing"},
				"south": {"uv": [3.75, 7.25, 4.5, 7.625], "texture": "#missing"},
				"west": {"uv": [4.75, 3.5, 7.75, 3.875], "texture": "#missing"},
				"up": {"uv": [0.75, 3, 0, 0], "texture": "#missing"},
				"down": {"uv": [1.5, 0, 0.75, 3], "texture": "#missing"}
			}
		},
		{
			"from": [8.35, 9.475, 5.3],
			"to": [10.25, 9.85, 5.8],
			"rotation": {"angle": 0, "axis": "y", "origin": [9.175, 8.07142, 6.125]},
			"color": 2,
			"faces": {
				"north": {"uv": [3, 7.25, 3.75, 7.625], "texture": "#missing"},
				"east": {"uv": [4.75, 3, 7.75, 3.375], "texture": "#missing"},
				"south": {"uv": [3.75, 7.25, 4.5, 7.625], "texture": "#missing"},
				"west": {"uv": [4.75, 3.5, 7.75, 3.875], "texture": "#missing"},
				"up": {"uv": [0.75, 3, 0, 0], "texture": "#missing"},
				"down": {"uv": [1.5, 0, 0.75, 3], "texture": "#missing"}
			}
		},
		{
			"from": [8.35, 9.475, 6.05],
			"to": [10.25, 9.85, 6.55],
			"rotation": {"angle": 0, "axis": "y", "origin": [9.175, 8.07142, 6.875]},
			"color": 4,
			"faces": {
				"north": {"uv": [3, 7.25, 3.75, 7.625], "texture": "#missing"},
				"east": {"uv": [4.75, 3, 7.75, 3.375], "texture": "#missing"},
				"south": {"uv": [3.75, 7.25, 4.5, 7.625], "texture": "#missing"},
				"west": {"uv": [4.75, 3.5, 7.75, 3.875], "texture": "#missing"},
				"up": {"uv": [0.75, 3, 0, 0], "texture": "#missing"},
				"down": {"uv": [1.5, 0, 0.75, 3], "texture": "#missing"}
			}
		},
		{
			"from": [7.65, 6.625, -0.35],
			"to": [10.95, 7.425, 8.6],
			"rotation": {"angle": 0, "axis": "y", "origin": [9.175, 6.04642, 7.375]},
			"faces": {
				"north": {"uv": [7.25, 4.25, 8.125, 4.5], "texture": "#0"},
				"east": {"uv": [6.25, 5, 8.5, 5.25], "texture": "#0"},
				"south": {"uv": [4.5, 7.25, 5.375, 7.5], "texture": "#0"},
				"west": {"uv": [6.25, 5.25, 8.5, 5.5], "texture": "#0"},
				"up": {"uv": [2.375, 2.25, 1.5, 0], "texture": "#0"},
				"down": {"uv": [2.375, 2.25, 1.5, 4.5], "texture": "#0"}
			}
		},
		{
			"from": [7.7, 7.4, 8.775],
			"to": [10.9, 8, 12.8],
			"rotation": {"angle": 0, "axis": "y", "origin": [9.175, 6.22142, 6.875]},
			"faces": {
				"north": {"uv": [7.75, 3, 8.5, 3.125], "texture": "#0"},
				"east": {"uv": [7.75, 1, 8.75, 1.125], "texture": "#0"},
				"south": {"uv": [7.75, 3.25, 8.5, 3.375], "texture": "#0"},
				"west": {"uv": [7.75, 1.25, 8.75, 1.375], "texture": "#0"},
				"up": {"uv": [1.25, 6.5, 0.5, 5.5], "texture": "#0"},
				"down": {"uv": [6.5, 4, 5.75, 5], "texture": "#0"}
			}
		},
		{
			"from": [8.09365, 7.71404, -0.95],
			"to": [9.09365, 9.53904, 13.025],
			"rotation": {"angle": -22.5, "axis": "z", "origin": [8.59365, 8.62654, 7.0625]},
			"faces": {
				"north": {"uv": [4.75, 6, 5, 6.5], "texture": "#0"},
				"east": {"uv": [3.5, 1, 7, 1.5], "texture": "#0"},
				"south": {"uv": [1.5, 7.75, 1.75, 8.25], "texture": "#0"},
				"west": {"uv": [3.5, 1.5, 7, 2], "texture": "#0"},
				"up": {"uv": [3.25, 8.25, 3, 4.75], "texture": "#0"},
				"down": {"uv": [3.5, 4.75, 3.25, 8.25], "texture": "#0"}
			}
		},
		{
			"from": [9.48135, 7.71404, -0.95],
			"to": [10.48135, 9.53904, 13.025],
			"rotation": {"angle": 22.5, "axis": "z", "origin": [9.98135, 8.62654, 7.0625]},
			"faces": {
				"north": {"uv": [7.75, 1.5, 8, 2], "texture": "#0"},
				"east": {"uv": [3.5, 2, 7, 2.5], "texture": "#0"},
				"south": {"uv": [1.75, 7.75, 2, 8.25], "texture": "#0"},
				"west": {"uv": [3.5, 2.5, 7, 3], "texture": "#0"},
				"up": {"uv": [0.25, 9, 0, 5.5], "texture": "#0"},
				"down": {"uv": [0.5, 5.5, 0.25, 9], "texture": "#0"}
			}
		},
		{
			"from": [8.275, 8, -1.25],
			"to": [10.325, 9.75, 13.05],
			"rotation": {"angle": 0, "axis": "y", "origin": [9.175, 6.22142, 6.875]},
			"faces": {
				"north": {"uv": [4, 7, 4.5, 7.5], "texture": "#0"},
				"east": {"uv": [2.5, 0, 6.125, 0.5], "texture": "#0"},
				"south": {"uv": [7, 6.75, 7.5, 7.25], "texture": "#0"},
				"west": {"uv": [2.5, 0.5, 6.125, 1], "texture": "#0"},
				"up": {"uv": [3, 4.625, 2.5, 1], "texture": "#0"},
				"down": {"uv": [3.5, 1, 3, 4.625], "texture": "#0"}
			}
		},
		{
			"from": [8.1, 2.22734, 9.27313],
			"to": [10.5, 4.47734, 11.77313],
			"rotation": {"angle": -45, "axis": "x", "origin": [9.175, 6.22142, 6.875]},
			"faces": {
				"north": {"uv": [4.75, 6.5, 5.375, 7.125], "texture": "#0"},
				"east": {"uv": [2.25, 6.75, 2.875, 7.375], "texture": "#0"},
				"south": {"uv": [6.75, 5.5, 7.375, 6.125], "texture": "#0"},
				"west": {"uv": [6.25, 6.75, 6.875, 7.375], "texture": "#0"},
				"up": {"uv": [7.625, 0.625, 7, 0], "texture": "#0"},
				"down": {"uv": [7.625, 0.75, 7, 1.375], "texture": "#0"}
			}
		},
		{
			"from": [8.55, 4, 6.3],
			"to": [10.05, 4.5, 11.05],
			"rotation": {"angle": 0, "axis": "y", "origin": [9.175, 6.22142, 6.875]},
			"faces": {
				"north": {"uv": [0.5, 8.5, 0.875, 8.625], "texture": "#0"},
				"east": {"uv": [7.25, 4.5, 8.5, 4.625], "texture": "#0"},
				"south": {"uv": [1, 8.5, 1.375, 8.625], "texture": "#0"},
				"west": {"uv": [4.5, 7.5, 5.75, 7.625], "texture": "#0"},
				"up": {"uv": [6.625, 6.75, 6.25, 5.5], "texture": "#0"},
				"down": {"uv": [6.125, 6.25, 5.75, 7.5], "texture": "#0"}
			}
		},
		{
			"from": [8.575, 4.5, 6.425],
			"to": [9.975, 5, 11.05],
			"rotation": {"angle": 0, "axis": "y", "origin": [9.175, 6.22142, 6.875]},
			"faces": {
				"north": {"uv": [1.5, 8.5, 1.875, 8.625], "texture": "#0"},
				"east": {"uv": [7.5, 5.5, 8.625, 5.625], "texture": "#0"},
				"south": {"uv": [2, 8.5, 2.375, 8.625], "texture": "#0"},
				"west": {"uv": [5.75, 7.5, 6.875, 7.625], "texture": "#0"},
				"up": {"uv": [0.875, 7.625, 0.5, 6.5], "texture": "#0"},
				"down": {"uv": [1.375, 6.5, 1, 7.625], "texture": "#0"}
			}
		},
		{
			"from": [8.55, 5, 6.55],
			"to": [10.05, 7, 7.05],
			"rotation": {"angle": 0, "axis": "y", "origin": [9.175, 6.22142, 6.875]},
			"faces": {
				"north": {"uv": [1.5, 7.25, 1.875, 7.75], "texture": "#0"},
				"east": {"uv": [4.75, 8.25, 4.875, 8.75], "texture": "#0"},
				"south": {"uv": [3.5, 7.25, 3.875, 7.75], "texture": "#0"},
				"west": {"uv": [5, 8.25, 5.125, 8.75], "texture": "#0"},
				"up": {"uv": [2.875, 8.625, 2.5, 8.5], "texture": "#0"},
				"down": {"uv": [3.375, 8.5, 3, 8.625], "texture": "#0"}
			}
		},
		{
			"from": [9.05, 6.08624, 8.27472],
			"to": [9.55, 7.58624, 8.77472],
			"rotation": {"angle": 22.5, "axis": "x", "origin": [9.175, 6.22142, 6.875]},
			"faces": {
				"north": {"uv": [8.5, 3, 8.625, 3.375], "texture": "#0"},
				"east": {"uv": [3.5, 8.5, 3.625, 8.875], "texture": "#0"},
				"south": {"uv": [3.75, 8.5, 3.875, 8.875], "texture": "#0"},
				"west": {"uv": [4, 8.5, 4.125, 8.875], "texture": "#0"},
				"up": {"uv": [1.125, 8.875, 1, 8.75], "texture": "#0"},
				"down": {"uv": [8.875, 1, 8.75, 1.125], "texture": "#0"}
			}
		},
		{
			"from": [8.4637, 5.76581, 6.575],
			"to": [8.7137, 7.76581, 7.025],
			"rotation": {"angle": 22.5, "axis": "z", "origin": [9.175, 6.22142, 6.875]},
			"faces": {
				"north": {"uv": [5.25, 8.25, 5.375, 8.75], "texture": "#0"},
				"east": {"uv": [5.5, 8.25, 5.625, 8.75], "texture": "#0"},
				"south": {"uv": [5.75, 8.25, 5.875, 8.75], "texture": "#0"},
				"west": {"uv": [6, 8.25, 6.125, 8.75], "texture": "#0"},
				"up": {"uv": [1.375, 8.875, 1.25, 8.75], "texture": "#0"},
				"down": {"uv": [8.875, 1.25, 8.75, 1.375], "texture": "#0"}
			}
		},
		{
			"from": [9.86727, 5.86148, 6.575],
			"to": [10.11727, 7.86148, 7.025],
			"rotation": {"angle": -22.5, "axis": "z", "origin": [9.175, 6.22142, 6.875]},
			"faces": {
				"north": {"uv": [6.25, 8.25, 6.375, 8.75], "texture": "#0"},
				"east": {"uv": [6.5, 8.25, 6.625, 8.75], "texture": "#0"},
				"south": {"uv": [6.75, 8.25, 6.875, 8.75], "texture": "#0"},
				"west": {"uv": [7, 8.25, 7.125, 8.75], "texture": "#0"},
				"up": {"uv": [1.625, 8.875, 1.5, 8.75], "texture": "#0"},
				"down": {"uv": [8.875, 1.5, 8.75, 1.625], "texture": "#0"}
			}
		},
		{
			"from": [8.55, 7.5, -0.2],
			"to": [10.05, 9, 1.8],
			"rotation": {"angle": 0, "axis": "y", "origin": [9.175, 6.22142, 5.875]},
			"faces": {
				"north": {"uv": [7.5, 5.75, 7.875, 6.125], "texture": "#0"},
				"east": {"uv": [7, 7.25, 7.5, 7.625], "texture": "#0"},
				"south": {"uv": [7.5, 6.25, 7.875, 6.625], "texture": "#0"},
				"west": {"uv": [2, 7.5, 2.5, 7.875], "texture": "#0"},
				"up": {"uv": [2.875, 8, 2.5, 7.5], "texture": "#0"},
				"down": {"uv": [4.375, 7.5, 4, 8], "texture": "#0"}
			}
		},
		{
			"from": [8.625, 7.575, -1.275],
			"to": [9.975, 9.125, 0.275],
			"rotation": {"angle": 0, "axis": "y", "origin": [9.175, 6.22142, 5.875]},
			"faces": {
				"north": {"uv": [7.5, 6.75, 7.875, 7.125], "texture": "#0"},
				"east": {"uv": [7.5, 7.25, 7.875, 7.625], "texture": "#0"},
				"south": {"uv": [7.75, 0, 8.125, 0.375], "texture": "#0"},
				"west": {"uv": [0.5, 7.75, 0.875, 8.125], "texture": "#0"},
				"up": {"uv": [8.125, 0.875, 7.75, 0.5], "texture": "#0"},
				"down": {"uv": [1.375, 7.75, 1, 8.125], "texture": "#0"}
			}
		},
		{
			"from": [8.975, 7.925, -1.3],
			"to": [9.625, 8.675, 0.275],
			"rotation": {"angle": 0, "axis": "y", "origin": [9.175, 6.22142, 5.875]},
			"faces": {
				"north": {"uv": [0.5, 8.75, 0.625, 9], "texture": "#0"},
				"east": {"uv": [3.5, 7.75, 3.875, 8], "texture": "#0"},
				"south": {"uv": [0.75, 8.75, 0.875, 9], "texture": "#0"},
				"west": {"uv": [7.75, 3.5, 8.125, 3.75], "texture": "#0"},
				"up": {"uv": [8.375, 8.875, 8.25, 8.5], "texture": "#0"},
				"down": {"uv": [8.625, 8.5, 8.5, 8.875], "texture": "#0"}
			}
		},
		{
			"from": [8.35, 9.75, 11.8],
			"to": [10.275, 10, 12.95],
			"rotation": {"angle": 0, "axis": "y", "origin": [9.175, 6.22142, 6.875]},
			"faces": {
				"north": {"uv": [7.25, 8.25, 7.75, 8.375], "texture": "#0"},
				"east": {"uv": [2.25, 4.5, 2.5, 4.625], "texture": "#0"},
				"south": {"uv": [7.75, 8.25, 8.25, 8.375], "texture": "#0"},
				"west": {"uv": [4.5, 7, 4.75, 7.125], "texture": "#0"},
				"up": {"uv": [8.25, 2.25, 7.75, 2], "texture": "#0"},
				"down": {"uv": [8.25, 2.25, 7.75, 2.5], "texture": "#0"}
			}
		},
		{
			"from": [8.55, 9.75, 11.975],
			"to": [9.25, 10.2, 12.475],
			"rotation": {"angle": 0, "axis": "y", "origin": [9.175, 6.22142, 6.875]},
			"faces": {
				"north": {"uv": [1.75, 8.75, 1.875, 8.875], "texture": "#0"},
				"east": {"uv": [8.75, 1.75, 8.875, 1.875], "texture": "#0"},
				"south": {"uv": [2, 8.75, 2.125, 8.875], "texture": "#0"},
				"west": {"uv": [2.25, 8.75, 2.375, 8.875], "texture": "#0"},
				"up": {"uv": [2.625, 8.875, 2.5, 8.75], "texture": "#0"},
				"down": {"uv": [2.875, 8.75, 2.75, 8.875], "texture": "#0"}
			}
		},
		{
			"from": [9.35, 9.75, 11.975],
			"to": [10.05, 10.2, 12.475],
			"rotation": {"angle": 0, "axis": "y", "origin": [10.175, 6.22142, 6.875]},
			"faces": {
				"north": {"uv": [3, 8.75, 3.125, 8.875], "texture": "#0"},
				"east": {"uv": [8.75, 3, 8.875, 3.125], "texture": "#0"},
				"south": {"uv": [3.25, 8.75, 3.375, 8.875], "texture": "#0"},
				"west": {"uv": [8.75, 3.25, 8.875, 3.375], "texture": "#0"},
				"up": {"uv": [4.375, 8.875, 4.25, 8.75], "texture": "#0"},
				"down": {"uv": [8.875, 4.25, 8.75, 4.375], "texture": "#0"}
			}
		},
		{
			"from": [8.55, 9.75, 12.475],
			"to": [10.05, 10.1, 12.725],
			"rotation": {"angle": 0, "axis": "y", "origin": [9.175, 6.22142, 6.875]},
			"faces": {
				"north": {"uv": [8.5, 3.75, 8.875, 3.875], "texture": "#0"},
				"east": {"uv": [4.5, 8.75, 4.625, 8.875], "texture": "#0"},
				"south": {"uv": [4.25, 8.5, 4.625, 8.625], "texture": "#0"},
				"west": {"uv": [4.75, 8.75, 4.875, 8.875], "texture": "#0"},
				"up": {"uv": [8.875, 4.625, 8.5, 4.5], "texture": "#0"},
				"down": {"uv": [8.875, 4.75, 8.5, 4.875], "texture": "#0"}
			}
		},
		{
			"from": [8.35, 9.75, -0.85],
			"to": [10.275, 10, 0.3],
			"rotation": {"angle": 0, "axis": "y", "origin": [9.175, 6.22142, -5.775]},
			"faces": {
				"north": {"uv": [8.25, 7.75, 8.75, 7.875], "texture": "#0"},
				"east": {"uv": [2, 7.25, 2.25, 7.375], "texture": "#0"},
				"south": {"uv": [8.25, 8.25, 8.75, 8.375], "texture": "#0"},
				"west": {"uv": [2.75, 8, 3, 8.125], "texture": "#0"},
				"up": {"uv": [8.25, 2.75, 7.75, 2.5], "texture": "#0"},
				"down": {"uv": [8.25, 2.75, 7.75, 3], "texture": "#0"}
			}
		},
		{
			"from": [8.55, 9.75, -0.675],
			"to": [10.075, 10.2, -0.175],
			"rotation": {"angle": 0, "axis": "y", "origin": [9.175, 6.22142, -5.775]},
			"faces": {
				"north": {"uv": [8.5, 5, 8.875, 5.125], "texture": "#0"},
				"east": {"uv": [7.25, 8.75, 7.375, 8.875], "texture": "#0"},
				"south": {"uv": [8.5, 5.25, 8.875, 5.375], "texture": "#0"},
				"west": {"uv": [8.75, 7.25, 8.875, 7.375], "texture": "#0"},
				"up": {"uv": [7.625, 8.625, 7.25, 8.5], "texture": "#0"},
				"down": {"uv": [8.125, 8.5, 7.75, 8.625], "texture": "#0"}
			}
		}
	],
	"display": {
		"thirdperson_righthand": {
			"translation": [-0.75, 0.75, -1.5],
			"scale": [0.55, 0.55, 0.55]
		},
		"thirdperson_lefthand": {
			"translation": [-0.75, 0.75, -1.5],
			"scale": [0.55, 0.55, 0.55]
		},
		"firstperson_righthand": {
			"translation": [0, 5.25, 0]
		},
		"firstperson_lefthand": {
			"translation": [0, 5.25, 0]
		},
		"ground": {
			"scale": [0.65, 0.65, 0.65]
		},
		"gui": {
			"rotation": [139.48, -46.41, 164.99],
			"translation": [-0.25, 1.75, 0]
		},
		"fixed": {
			"rotation": [0, 90, 0],
			"translation": [1.25, 1.5, 0]
		}
	}
}