{
	"format_version": "1.21.6",
	"credit": "Made with Blockbench",
	"texture_size": [64, 64],
	"textures": {
		"1": "item/weapons/glock18",
		"particle": "items/weapons/glock18"
	},
	"elements": [
		{
			"from": [8.05, -1.29815, 8.55556],
			"to": [10.55, 6.70185, 10.80556],
			"rotation": {"angle": -22.5, "axis": "x", "origin": [9.175, 6.22142, 6.875]},
			"faces": {
				"north": {"uv": [1.5, 3.5, 2.125, 5.5], "texture": "#1"},
				"east": {"uv": [2.25, 3.5, 2.875, 5.5], "texture": "#1"},
				"south": {"uv": [3.75, 2, 4.375, 4], "texture": "#1"},
				"west": {"uv": [0.75, 3.5, 1.375, 5.5], "texture": "#1"},
				"up": {"uv": [3.625, 6.625, 3, 6], "rotation": 270, "texture": "#1"},
				"down": {"uv": [6.625, 3.5, 6, 4.125], "rotation": 90, "texture": "#1"}
			}
		},
		{
			"from": [7.925, -1.04815, 8.80556],
			"to": [10.675, 5.70185, 10.55556],
			"rotation": {"angle": -22.5, "axis": "x", "origin": [9.175, 6.22142, 6.875]},
			"faces": {
				"north": {"uv": [3, 2, 3.75, 3.75], "texture": "#1"},
				"east": {"uv": [3.75, 5.25, 4.25, 7], "texture": "#1"},
				"south": {"uv": [0, 3.5, 0.75, 5.25], "texture": "#1"},
				"west": {"uv": [0, 5.25, 0.5, 7], "texture": "#1"},
				"up": {"uv": [6, 6.75, 5.5, 6], "rotation": 270, "texture": "#1"},
				"down": {"uv": [6.5, 6, 6, 6.75], "rotation": 90, "texture": "#1"}
			}
		},
		{
			"from": [8.075, 0.99528, 10.48552],
			"to": [10.525, 7.24528, 11.48552],
			"rotation": {"angle": -22.5, "axis": "x", "origin": [9.175, 6.22142, 6.875]},
			"faces": {
				"north": {"uv": [4.5, 2.5, 5.125, 4], "texture": "#1"},
				"east": {"uv": [5.25, 6, 5.5, 7.5], "texture": "#1"},
				"south": {"uv": [3, 4.5, 3.625, 6], "texture": "#1"},
				"west": {"uv": [5, 6, 5.25, 7.5], "texture": "#1"},
				"up": {"uv": [2.75, 7.625, 2.5, 7], "rotation": 270, "texture": "#1"},
				"down": {"uv": [3, 7, 2.75, 7.625], "rotation": 90, "texture": "#1"}
			}
		},
		{
			"from": [8.05, -1.29815, 8.30556],
			"to": [10.55, 3.95185, 8.55556],
			"rotation": {"angle": -22.5, "axis": "x", "origin": [9.175, 6.22142, 6.875]},
			"faces": {
				"north": {"uv": [5.25, 2.5, 5.875, 3.875], "texture": "#1"},
				"east": {"uv": [4.75, 6.75, 4.875, 8.125], "texture": "#1"},
				"south": {"uv": [4.25, 5.25, 4.875, 6.625], "texture": "#1"},
				"west": {"uv": [3.5, 6.75, 3.625, 8.125], "texture": "#1"},
				"up": {"uv": [4.375, 7.875, 4.25, 7.25], "rotation": 270, "texture": "#1"},
				"down": {"uv": [4.625, 7.25, 4.5, 7.875], "rotation": 90, "texture": "#1"}
			}
		},
		{
			"from": [7.8, 6.5, 1.05],
			"to": [10.8, 8, 13.05],
			"rotation": {"angle": 0, "axis": "y", "origin": [9.175, 6.22142, 6.875]},
			"faces": {
				"north": {"uv": [6.25, 5.5, 7, 5.875], "texture": "#1"},
				"east": {"uv": [4.5, 2, 7.5, 2.375], "texture": "#1"},
				"south": {"uv": [1.75, 6.5, 2.5, 6.875], "texture": "#1"},
				"west": {"uv": [3, 4, 6, 4.375], "texture": "#1"},
				"up": {"uv": [3, 0.75, 0, 0], "rotation": 270, "texture": "#1"},
				"down": {"uv": [3, 0.75, 0, 1.5], "rotation": 90, "texture": "#1"}
			}
		},
		{
			"from": [7.7, 6.4, 1],
			"to": [10.9, 8, 6.05],
			"rotation": {"angle": 0, "axis": "y", "origin": [9.175, 6.22142, 6.875]},
			"faces": {
				"north": {"uv": [6.5, 6, 7.25, 6.375], "texture": "#1"},
				"east": {"uv": [1.75, 6, 3, 6.375], "texture": "#1"},
				"south": {"uv": [6.5, 6.5, 7.25, 6.875], "texture": "#1"},
				"west": {"uv": [6, 1.5, 7.25, 1.875], "texture": "#1"},
				"up": {"uv": [5, 5.25, 3.75, 4.5], "rotation": 270, "texture": "#1"},
				"down": {"uv": [6.25, 4.5, 5, 5.25], "rotation": 90, "texture": "#1"}
			}
		},
		{
			"from": [7.7, 7.4, 8.275],
			"to": [10.9, 8, 12.8],
			"rotation": {"angle": 0, "axis": "y", "origin": [9.175, 6.22142, 6.875]},
			"faces": {
				"north": {"uv": [3, 3.75, 3.75, 3.875], "texture": "#1"},
				"east": {"uv": [7.25, 1, 8.375, 1.125], "texture": "#1"},
				"south": {"uv": [7.25, 1.75, 8, 1.875], "texture": "#1"},
				"west": {"uv": [6.5, 7, 7.625, 7.125], "texture": "#1"},
				"up": {"uv": [6.125, 6, 5, 5.25], "rotation": 270, "texture": "#1"},
				"down": {"uv": [1.625, 5.5, 0.5, 6.25], "rotation": 90, "texture": "#1"}
			}
		},
		{
			"from": [7.3815, 7.56584, 1.05],
			"to": [8.3815, 9.39084, 13.075],
			"rotation": {"angle": -22.5, "axis": "z", "origin": [9.175, 6.22142, 6.875]},
			"faces": {
				"north": {"uv": [0.5, 7.25, 0.75, 7.75], "texture": "#1"},
				"east": {"uv": [0, 2, 3, 2.5], "texture": "#1"},
				"south": {"uv": [0.75, 7.25, 1, 7.75], "texture": "#1"},
				"west": {"uv": [0, 1.5, 3, 2], "texture": "#1"},
				"up": {"uv": [9, 0.25, 6, 0], "rotation": 270, "texture": "#1"},
				"down": {"uv": [9, 0.25, 6, 0.5], "rotation": 90, "texture": "#1"}
			}
		},
		{
			"from": [10.20998, 7.50114, 1.05],
			"to": [11.20998, 9.32614, 13.075],
			"rotation": {"angle": 22.5, "axis": "z", "origin": [9.175, 6.22142, 6.875]},
			"faces": {
				"north": {"uv": [7.25, 1.25, 7.5, 1.75], "texture": "#1"},
				"east": {"uv": [3, 1.5, 6, 2], "texture": "#1"},
				"south": {"uv": [7.25, 2.5, 7.5, 3], "texture": "#1"},
				"west": {"uv": [3, 1, 6, 1.5], "texture": "#1"},
				"up": {"uv": [9, 0.75, 6, 0.5], "rotation": 270, "texture": "#1"},
				"down": {"uv": [9, 0.75, 6, 1], "rotation": 90, "texture": "#1"}
			}
		},
		{
			"from": [8.275, 8, 1.05],
			"to": [10.325, 9.75, 13.05],
			"rotation": {"angle": 0, "axis": "y", "origin": [9.175, 6.22142, 6.875]},
			"faces": {
				"north": {"uv": [3, 6.75, 3.5, 7.25], "texture": "#1"},
				"east": {"uv": [0, 3, 3, 3.5], "texture": "#1"},
				"south": {"uv": [6.75, 3.5, 7.25, 4], "texture": "#1"},
				"west": {"uv": [0, 2.5, 3, 3], "texture": "#1"},
				"up": {"uv": [6, 0.5, 3, 0], "rotation": 270, "texture": "#1"},
				"down": {"uv": [6, 0.5, 3, 1], "rotation": 90, "texture": "#1"}
			}
		},
		{
			"from": [8.1, 2.47734, 9.77313],
			"to": [10.5, 4.47734, 11.77313],
			"rotation": {"angle": -45, "axis": "x", "origin": [9.175, 6.22142, 6.875]},
			"faces": {
				"north": {"uv": [0.5, 6.25, 1.125, 6.75], "texture": "#1"},
				"east": {"uv": [0.5, 6.75, 1, 7.25], "texture": "#1"},
				"south": {"uv": [6.25, 4.25, 6.875, 4.75], "texture": "#1"},
				"west": {"uv": [2.5, 6.5, 3, 7], "texture": "#1"},
				"up": {"uv": [1.75, 6.875, 1.25, 6.25], "rotation": 270, "texture": "#1"},
				"down": {"uv": [6.75, 4.75, 6.25, 5.375], "rotation": 90, "texture": "#1"}
			}
		},
		{
			"from": [8.55, 4, 6.3],
			"to": [10.05, 4.5, 11.05],
			"rotation": {"angle": 0, "axis": "y", "origin": [9.175, 6.22142, 6.875]},
			"faces": {
				"north": {"uv": [7.5, 2.25, 7.875, 2.375], "texture": "#1"},
				"east": {"uv": [6.75, 5.25, 8, 5.375], "texture": "#1"},
				"south": {"uv": [7.5, 2.5, 7.875, 2.625], "texture": "#1"},
				"west": {"uv": [6.75, 4, 8, 4.125], "texture": "#1"},
				"up": {"uv": [3, 5.875, 1.75, 5.5], "rotation": 270, "texture": "#1"},
				"down": {"uv": [7.25, 1, 6, 1.375], "rotation": 90, "texture": "#1"}
			}
		},
		{
			"from": [8.575, 4.5, 6.425],
			"to": [9.975, 5, 11.05],
			"rotation": {"angle": 0, "axis": "y", "origin": [9.175, 6.22142, 6.875]},
			"faces": {
				"north": {"uv": [7.5, 3.25, 7.875, 3.375], "texture": "#1"},
				"east": {"uv": [7, 4.5, 8.125, 4.625], "texture": "#1"},
				"south": {"uv": [7.5, 3.5, 7.875, 3.625], "texture": "#1"},
				"west": {"uv": [7, 4.25, 8.125, 4.375], "texture": "#1"},
				"up": {"uv": [7.125, 2.875, 6, 2.5], "rotation": 270, "texture": "#1"},
				"down": {"uv": [7.125, 3, 6, 3.375], "rotation": 90, "texture": "#1"}
			}
		},
		{
			"from": [8.55, 5, 6.55],
			"to": [10.05, 7, 7.05],
			"rotation": {"angle": 0, "axis": "y", "origin": [9.175, 6.22142, 6.875]},
			"faces": {
				"north": {"uv": [5.5, 6.75, 5.875, 7.25], "texture": "#1"},
				"east": {"uv": [5.5, 7.25, 5.625, 7.75], "texture": "#1"},
				"south": {"uv": [6, 6.75, 6.375, 7.25], "texture": "#1"},
				"west": {"uv": [7.25, 4.75, 7.375, 5.25], "texture": "#1"},
				"up": {"uv": [2.375, 7.875, 2.25, 7.5], "rotation": 270, "texture": "#1"},
				"down": {"uv": [7.625, 2.75, 7.5, 3.125], "rotation": 90, "texture": "#1"}
			}
		},
		{
			"from": [9.05, 6.08624, 8.27472],
			"to": [9.55, 7.58624, 8.77472],
			"rotation": {"angle": 22.5, "axis": "x", "origin": [9.175, 6.22142, 6.875]},
			"faces": {
				"north": {"uv": [4, 7.5, 4.125, 7.875], "texture": "#1"},
				"east": {"uv": [7.5, 4.75, 7.625, 5.125], "texture": "#1"},
				"south": {"uv": [5, 7.5, 5.125, 7.875], "texture": "#1"},
				"west": {"uv": [3.75, 7.5, 3.875, 7.875], "texture": "#1"},
				"up": {"uv": [3.375, 7.875, 3.25, 7.75], "rotation": 270, "texture": "#1"},
				"down": {"uv": [7.875, 4.75, 7.75, 4.875], "rotation": 90, "texture": "#1"}
			}
		},
		{
			"from": [8.4637, 5.76581, 6.575],
			"to": [8.7137, 7.76581, 7.025],
			"rotation": {"angle": 22.5, "axis": "z", "origin": [9.175, 6.22142, 6.875]},
			"faces": {
				"north": {"uv": [6, 7.25, 6.125, 7.75], "texture": "#1"},
				"east": {"uv": [7.25, 6, 7.375, 6.5], "texture": "#1"},
				"south": {"uv": [6.25, 7.25, 6.375, 7.75], "texture": "#1"},
				"west": {"uv": [5.75, 7.25, 5.875, 7.75], "texture": "#1"},
				"up": {"uv": [2.875, 7.875, 2.75, 7.75], "rotation": 270, "texture": "#1"},
				"down": {"uv": [7.875, 2.75, 7.75, 2.875], "rotation": 90, "texture": "#1"}
			}
		},
		{
			"from": [9.86727, 5.86148, 6.575],
			"to": [10.11727, 7.86148, 7.025],
			"rotation": {"angle": -22.5, "axis": "z", "origin": [9.175, 6.22142, 6.875]},
			"faces": {
				"north": {"uv": [7.25, 6.5, 7.375, 7], "texture": "#1"},
				"east": {"uv": [6.75, 7.25, 6.875, 7.75], "texture": "#1"},
				"south": {"uv": [7, 7.25, 7.125, 7.75], "texture": "#1"},
				"west": {"uv": [6.5, 7.25, 6.625, 7.75], "texture": "#1"},
				"up": {"uv": [3.125, 7.875, 3, 7.75], "rotation": 270, "texture": "#1"},
				"down": {"uv": [7.875, 3, 7.75, 3.125], "rotation": 90, "texture": "#1"}
			}
		},
		{
			"from": [8.55, 7.5, 0.8],
			"to": [10.05, 9, 2.8],
			"rotation": {"angle": 0, "axis": "y", "origin": [9.175, 6.22142, 6.875]},
			"faces": {
				"north": {"uv": [3.75, 7, 4.125, 7.375], "texture": "#1"},
				"east": {"uv": [1, 7, 1.5, 7.375], "texture": "#1"},
				"south": {"uv": [7, 5.5, 7.375, 5.875], "texture": "#1"},
				"west": {"uv": [0, 7, 0.5, 7.375], "texture": "#1"},
				"up": {"uv": [2, 7.375, 1.5, 7], "rotation": 270, "texture": "#1"},
				"down": {"uv": [2.5, 7, 2, 7.375], "rotation": 90, "texture": "#1"}
			}
		},
		{
			"from": [8.3, 7.25, 1.025],
			"to": [10.3, 9.25, 1.275],
			"rotation": {"angle": 0, "axis": "y", "origin": [9.175, 6.22142, 6.875]},
			"faces": {
				"north": {"uv": [4.25, 6.75, 4.75, 7.25], "texture": "#1"},
				"east": {"uv": [1.25, 7.5, 1.375, 8], "texture": "#1"},
				"south": {"uv": [6.75, 4.75, 7.25, 5.25], "texture": "#1"},
				"west": {"uv": [1, 7.5, 1.125, 8], "texture": "#1"},
				"up": {"uv": [7.625, 1.75, 7.5, 1.25], "rotation": 270, "texture": "#1"},
				"down": {"uv": [1.625, 7.5, 1.5, 8], "rotation": 90, "texture": "#1"}
			}
		},
		{
			"from": [8.8, 9.75, 1.975],
			"to": [9.8, 10.25, 2.475],
			"rotation": {"angle": 0, "axis": "y", "origin": [9.175, 6.22142, 6.875]},
			"faces": {
				"north": {"uv": [7.5, 7.25, 7.75, 7.375], "texture": "#1"},
				"east": {"uv": [5.5, 7.75, 5.625, 7.875], "texture": "#1"},
				"south": {"uv": [0.5, 7.75, 0.75, 7.875], "texture": "#1"},
				"west": {"uv": [7.75, 5, 7.875, 5.125], "texture": "#1"},
				"up": {"uv": [0.875, 8, 0.75, 7.75], "rotation": 270, "texture": "#1"},
				"down": {"uv": [7.875, 1.25, 7.75, 1.5], "rotation": 90, "texture": "#1"}
			}
		},
		{
			"from": [8.6, 9.75, 1.8],
			"to": [10.025, 10, 2.575],
			"rotation": {"angle": 0, "axis": "y", "origin": [9.175, 6.22142, 6.875]},
			"faces": {
				"north": {"uv": [7.5, 3.75, 7.875, 3.875], "texture": "#1"},
				"east": {"uv": [1.75, 7.75, 2, 7.875], "texture": "#1"},
				"south": {"uv": [7.5, 5.5, 7.875, 5.625], "texture": "#1"},
				"west": {"uv": [7.75, 1.5, 8, 1.625], "texture": "#1"},
				"up": {"uv": [3.5, 7.625, 3.25, 7.25], "rotation": 270, "texture": "#1"},
				"down": {"uv": [7.5, 3.5, 7.25, 3.875], "rotation": 90, "texture": "#1"}
			}
		},
		{
			"from": [8.35, 9.75, 11.8],
			"to": [10.275, 10, 12.95],
			"rotation": {"angle": 0, "axis": "y", "origin": [9.175, 6.22142, 6.875]},
			"faces": {
				"north": {"uv": [1.75, 7.5, 2.25, 7.625], "texture": "#1"},
				"east": {"uv": [2.5, 7.75, 2.75, 7.875], "texture": "#1"},
				"south": {"uv": [7.5, 2, 8, 2.125], "texture": "#1"},
				"west": {"uv": [2, 7.75, 2.25, 7.875], "texture": "#1"},
				"up": {"uv": [3.25, 7.75, 3, 7.25], "rotation": 270, "texture": "#1"},
				"down": {"uv": [7.5, 3, 7.25, 3.5], "rotation": 90, "texture": "#1"}
			}
		},
		{
			"from": [8.55, 9.75, 11.975],
			"to": [10.05, 10.25, 12.475],
			"rotation": {"angle": 0, "axis": "y", "origin": [9.175, 6.22142, 6.875]},
			"faces": {
				"north": {"uv": [7.5, 5.75, 7.875, 5.875], "texture": "#1"},
				"east": {"uv": [6, 7.75, 6.125, 7.875], "texture": "#1"},
				"south": {"uv": [7.5, 6, 7.875, 6.125], "texture": "#1"},
				"west": {"uv": [5.75, 7.75, 5.875, 7.875], "texture": "#1"},
				"up": {"uv": [5.375, 7.875, 5.25, 7.5], "rotation": 270, "texture": "#1"},
				"down": {"uv": [7.625, 6.25, 7.5, 6.625], "rotation": 90, "texture": "#1"}
			}
		},
		{
			"from": [8.55, 9.75, 12.475],
			"to": [10.05, 10.1, 12.725],
			"rotation": {"angle": 0, "axis": "y", "origin": [9.175, 6.22142, 6.875]},
			"faces": {
				"north": {"uv": [7.5, 6.75, 7.875, 6.875], "texture": "#1"},
				"east": {"uv": [7.75, 6.25, 7.875, 6.375], "texture": "#1"},
				"south": {"uv": [7.25, 7.5, 7.625, 7.625], "texture": "#1"},
				"west": {"uv": [6.25, 7.75, 6.375, 7.875], "texture": "#1"},
				"up": {"uv": [0.125, 8.125, 0, 7.75], "rotation": 270, "texture": "#1"},
				"down": {"uv": [0.375, 7.75, 0.25, 8.125], "rotation": 90, "texture": "#1"}
			}
		},
		{
			"from": [7.27642, 7.92362, 11.5],
			"to": [8.02642, 9.02362, 12.6],
			"rotation": {"angle": -22.5, "axis": "z", "origin": [9.175, 6.22142, 6.875]},
			"faces": {
				"north": {"uv": [6, 4.25, 6.25, 4.5], "texture": "#1"},
				"east": {"uv": [1, 6.75, 1.25, 7], "texture": "#1"},
				"south": {"uv": [7.25, 7.25, 7.5, 7.5], "texture": "#1"},
				"west": {"uv": [0.5, 5.25, 0.75, 5.5], "texture": "#1"},
				"up": {"uv": [0.25, 7.75, 0, 7.5], "rotation": 270, "texture": "#1"},
				"down": {"uv": [0.5, 7.5, 0.25, 7.75], "rotation": 90, "texture": "#1"}
			}
		}
	],
	"display": {
		"thirdperson_righthand": {
			"translation": [-0.75, 0.75, -1.5],
			"scale": [0.55, 0.55, 0.55]
		},
		"thirdperson_lefthand": {
			"translation": [0.75, 0.75, -1.5],
			"scale": [0.55, 0.55, 0.55]
		},
		"firstperson_righthand": {
			"rotation": [-7.12, -27.56, 6.89],
			"translation": [-0.62, 4.2, 1.13],
			"scale": [0.68, 0.68, 0.68]
		},
		"firstperson_lefthand": {
			"rotation": [-11.18, -23.49, 6.32],
			"translation": [0.88, 4.2, 1.13],
			"scale": [0.68, 0.68, 0.68]
		},
		"ground": {
			"translation": [0, 2, 0],
			"scale": [0.5, 0.5, 0.5]
		},
		"gui": {
			"rotation": [139.48, -46.41, 164.99],
			"translation": [0.75, 1.75, 0]
		},
		"head": {
			"rotation": [0, -180, 0],
			"translation": [0, 13, 7]
		},
		"fixed": {
			"rotation": [0, 90, 0]
		}
	}
}