{
	"format_version": "1.9.0",
	"credit": "Made with Blockbench",
	"texture_size": [64, 64],
	"textures": {
		"0": "item/weapons/glock18_auto",
		"particle": "item/weapons/glock18_auto"
	},
	"elements": [
		{
			"from": [8.05, -1.29815, 8.55556],
			"to": [10.55, 6.70185, 10.80556],
			"rotation": {"angle": -22.5, "axis": "x", "origin": [9.175, 6.22142, 6.875]},
			"faces": {
				"north": {"uv": [2.5, 3, 3.125, 5], "texture": "#0"},
				"east": {"uv": [3.25, 3, 3.875, 5], "texture": "#0"},
				"south": {"uv": [4, 3, 4.625, 5], "texture": "#0"},
				"west": {"uv": [4.5, 0, 5.125, 2], "texture": "#0"},
				"up": {"uv": [5.125, 7.125, 4.5, 6.5], "texture": "#0"},
				"down": {"uv": [5.875, 6.5, 5.25, 7.125], "texture": "#0"}
			}
		},
		{
			"from": [8.175, -1.72315, 8.75556],
			"to": [10.425, -1.29815, 10.40556],
			"rotation": {"angle": -22.5, "axis": "x", "origin": [9.175, 6.22142, 6.875]},
			"faces": {
				"north": {"uv": [8.25, 1.5, 8.875, 1.625], "texture": "#0"},
				"east": {"uv": [8.75, 4.25, 9.125, 4.375], "texture": "#0"},
				"south": {"uv": [8.25, 1.75, 8.875, 1.875], "texture": "#0"},
				"west": {"uv": [4.5, 8.75, 4.875, 8.875], "texture": "#0"},
				"up": {"uv": [8.125, 7.375, 7.5, 7], "texture": "#0"},
				"down": {"uv": [7.875, 7.5, 7.25, 7.875], "texture": "#0"}
			}
		},
		{
			"from": [8.05, -2.49815, 8.43056],
			"to": [10.55, -1.69815, 10.53056],
			"rotation": {"angle": -22.5, "axis": "x", "origin": [9.175, 6.22142, 6.875]},
			"faces": {
				"north": {"uv": [7.75, 3, 8.375, 3.25], "texture": "#0"},
				"east": {"uv": [8, 4, 8.5, 4.25], "texture": "#0"},
				"south": {"uv": [7.75, 3.25, 8.375, 3.5], "texture": "#0"},
				"west": {"uv": [8, 4.25, 8.5, 4.5], "texture": "#0"},
				"up": {"uv": [1.375, 7.75, 0.75, 7.25], "texture": "#0"},
				"down": {"uv": [2.125, 7.25, 1.5, 7.75], "texture": "#0"}
			}
		},
		{
			"from": [8.1, -2.64815, 8.48056],
			"to": [10.5, -1.52315, 10.48056],
			"rotation": {"angle": -22.5, "axis": "x", "origin": [9.175, 6.22142, 6.875]},
			"faces": {
				"north": {"uv": [7.75, 3.5, 8.375, 3.75], "texture": "#0"},
				"east": {"uv": [8, 4.5, 8.5, 4.75], "texture": "#0"},
				"south": {"uv": [7.75, 3.75, 8.375, 4], "texture": "#0"},
				"west": {"uv": [8, 4.75, 8.5, 5], "texture": "#0"},
				"up": {"uv": [2.875, 7.75, 2.25, 7.25], "texture": "#0"},
				"down": {"uv": [7.875, 2.5, 7.25, 3], "texture": "#0"}
			}
		},
		{
			"from": [7.925, -1.04815, 8.80556],
			"to": [10.675, 5.70185, 10.55556],
			"rotation": {"angle": -22.5, "axis": "x", "origin": [9.175, 6.22142, 6.875]},
			"faces": {
				"north": {"uv": [0, 3, 0.75, 4.75], "texture": "#0"},
				"east": {"uv": [4, 5, 4.5, 6.75], "texture": "#0"},
				"south": {"uv": [0.75, 3, 1.5, 4.75], "texture": "#0"},
				"west": {"uv": [5.25, 0, 5.75, 1.75], "texture": "#0"},
				"up": {"uv": [7.25, 3, 6.5, 2.5], "texture": "#0"},
				"down": {"uv": [7, 6.5, 6.25, 7], "texture": "#0"}
			}
		},
		{
			"from": [8.075, -1.00472, 10.48552],
			"to": [10.525, 6.74528, 11.11052],
			"rotation": {"angle": -22.5, "axis": "x", "origin": [9.175, 6.22142, 6.875]},
			"faces": {
				"north": {"uv": [0, 4.75, 0.625, 6.75], "texture": "#0"},
				"east": {"uv": [5.25, 7.25, 5.375, 9.25], "texture": "#0"},
				"south": {"uv": [0.75, 4.75, 1.375, 6.75], "texture": "#0"},
				"west": {"uv": [5.5, 7.25, 5.625, 9.25], "texture": "#0"},
				"up": {"uv": [7.625, 8.125, 7, 8], "texture": "#0"},
				"down": {"uv": [8.625, 7.5, 8, 7.625], "texture": "#0"}
			}
		},
		{
			"from": [8.225, 2.37685, 8.30556],
			"to": [10.375, 3.05185, 8.55556],
			"rotation": {"angle": -22.5, "axis": "x", "origin": [9.175, 6.22142, 6.875]},
			"faces": {
				"north": {"uv": [8.25, 2, 8.75, 2.125], "texture": "#0"},
				"east": {"uv": [5.75, 8.75, 5.875, 8.875], "texture": "#0"},
				"south": {"uv": [2.25, 8.25, 2.75, 8.375], "texture": "#0"},
				"west": {"uv": [8.75, 5.75, 8.875, 5.875], "texture": "#0"},
				"up": {"uv": [3.25, 8.375, 2.75, 8.25], "texture": "#0"},
				"down": {"uv": [3.75, 8.25, 3.25, 8.375], "texture": "#0"}
			}
		},
		{
			"from": [8.225, 0.62685, 9.03056],
			"to": [10.375, 2.02685, 9.28056],
			"rotation": {"angle": -22.5, "axis": "x", "origin": [9.175, 4.47142, 7.6]},
			"faces": {
				"north": {"uv": [2, 7.75, 2.5, 8.125], "texture": "#0"},
				"east": {"uv": [8.75, 3.75, 8.875, 4.125], "texture": "#0"},
				"south": {"uv": [2.5, 7.75, 3, 8.125], "texture": "#0"},
				"west": {"uv": [4.25, 8.75, 4.375, 9.125], "texture": "#0"},
				"up": {"uv": [1.5, 8.625, 1, 8.5], "texture": "#0"},
				"down": {"uv": [2, 8.5, 1.5, 8.625], "texture": "#0"}
			}
		},
		{
			"from": [8.225, -0.74815, 9.75556],
			"to": [10.375, 0.27685, 10.00556],
			"rotation": {"angle": -22.5, "axis": "x", "origin": [9.175, 2.72142, 8.325]},
			"faces": {
				"north": {"uv": [3, 8, 3.5, 8.25], "texture": "#0"},
				"east": {"uv": [8.75, 5, 8.875, 5.25], "texture": "#0"},
				"south": {"uv": [3.5, 8, 4, 8.25], "texture": "#0"},
				"west": {"uv": [8.75, 5.25, 8.875, 5.5], "texture": "#0"},
				"up": {"uv": [2.5, 8.625, 2, 8.5], "texture": "#0"},
				"down": {"uv": [3, 8.5, 2.5, 8.625], "texture": "#0"}
			}
		},
		{
			"from": [7.8, 6.5, 1.05],
			"to": [10.8, 8, 13.05],
			"rotation": {"angle": 0, "axis": "y", "origin": [9.175, 6.22142, 6.875]},
			"faces": {
				"north": {"uv": [3, 7.25, 3.75, 7.625], "texture": "#0"},
				"east": {"uv": [4.75, 3, 7.75, 3.375], "texture": "#0"},
				"south": {"uv": [3.75, 7.25, 4.5, 7.625], "texture": "#0"},
				"west": {"uv": [4.75, 3.5, 7.75, 3.875], "texture": "#0"},
				"up": {"uv": [0.75, 3, 0, 0], "texture": "#0"},
				"down": {"uv": [1.5, 0, 0.75, 3], "texture": "#0"}
			}
		},
		{
			"from": [7.7, 6.4, 1],
			"to": [10.9, 8, 6.05],
			"rotation": {"angle": 0, "axis": "y", "origin": [9.175, 6.22142, 6.875]},
			"faces": {
				"north": {"uv": [7.25, 4, 8, 4.375], "texture": "#0"},
				"east": {"uv": [1.5, 6.25, 2.75, 6.625], "texture": "#0"},
				"south": {"uv": [4.5, 7.25, 5.25, 7.625], "texture": "#0"},
				"west": {"uv": [2.75, 6.25, 4, 6.625], "texture": "#0"},
				"up": {"uv": [3.25, 6.25, 2.5, 5], "texture": "#0"},
				"down": {"uv": [4, 5, 3.25, 6.25], "texture": "#0"}
			}
		},
		{
			"from": [7.65, 6.625, 0.95],
			"to": [10.95, 7.425, 6.1],
			"rotation": {"angle": 0, "axis": "y", "origin": [9.175, 6.04642, 6.875]},
			"faces": {
				"north": {"uv": [0, 7.75, 0.875, 8], "texture": "#0"},
				"east": {"uv": [6.75, 5.5, 8, 5.75], "texture": "#0"},
				"south": {"uv": [7.75, 0, 8.625, 0.25], "texture": "#0"},
				"west": {"uv": [6.75, 5.75, 8, 6], "texture": "#0"},
				"up": {"uv": [5.625, 5.25, 4.75, 4], "texture": "#0"},
				"down": {"uv": [2.375, 5, 1.5, 6.25], "texture": "#0"}
			}
		},
		{
			"from": [7.7, 7.4, 8.275],
			"to": [10.9, 8, 12.8],
			"rotation": {"angle": 0, "axis": "y", "origin": [9.175, 6.22142, 6.875]},
			"faces": {
				"north": {"uv": [8, 5, 8.75, 5.125], "texture": "#0"},
				"east": {"uv": [7.75, 6.5, 8.875, 6.625], "texture": "#0"},
				"south": {"uv": [8, 5.25, 8.75, 5.375], "texture": "#0"},
				"west": {"uv": [7.75, 6.75, 8.875, 6.875], "texture": "#0"},
				"up": {"uv": [5.25, 6.375, 4.5, 5.25], "texture": "#0"},
				"down": {"uv": [6, 5.25, 5.25, 6.375], "texture": "#0"}
			}
		},
		{
			"from": [7.7, 6.8, 10.775],
			"to": [10.9, 7.4, 12.55],
			"rotation": {"angle": 0, "axis": "y", "origin": [9.175, 5.62142, 5.875]},
			"faces": {
				"north": {"uv": [8, 5.75, 8.75, 5.875], "texture": "#0"},
				"east": {"uv": [0, 8.5, 0.5, 8.625], "texture": "#0"},
				"south": {"uv": [8, 6, 8.75, 6.125], "texture": "#0"},
				"west": {"uv": [0.5, 8.5, 1, 8.625], "texture": "#0"},
				"up": {"uv": [0.75, 7.25, 0, 6.75], "texture": "#0"},
				"down": {"uv": [1.5, 6.75, 0.75, 7.25], "texture": "#0"}
			}
		},
		{
			"from": [7.7, 6.8, 9.025],
			"to": [10.9, 7.4, 10.55],
			"rotation": {"angle": 0, "axis": "y", "origin": [9.175, 5.62142, 3.875]},
			"faces": {
				"north": {"uv": [6.25, 8, 7, 8.125], "texture": "#0"},
				"east": {"uv": [8.75, 3.5, 9.125, 3.625], "texture": "#0"},
				"south": {"uv": [8, 6.25, 8.75, 6.375], "texture": "#0"},
				"west": {"uv": [3.75, 8.75, 4.125, 8.875], "texture": "#0"},
				"up": {"uv": [8, 4.875, 7.25, 4.5], "texture": "#0"},
				"down": {"uv": [8, 5, 7.25, 5.375], "texture": "#0"}
			}
		},
		{
			"from": [8.09365, 7.71404, 1.05],
			"to": [9.09365, 9.53904, 13.025],
			"rotation": {"angle": -22.5, "axis": "z", "origin": [8.59365, 8.62654, 7.0625]},
			"faces": {
				"north": {"uv": [5.5, 1.75, 5.75, 2.25], "texture": "#0"},
				"east": {"uv": [1.5, 0, 4.5, 0.5], "texture": "#0"},
				"south": {"uv": [5.5, 2.25, 5.75, 2.75], "texture": "#0"},
				"west": {"uv": [1.5, 0.5, 4.5, 1], "texture": "#0"},
				"up": {"uv": [6, 3, 5.75, 0], "texture": "#0"},
				"down": {"uv": [6.25, 0, 6, 3], "texture": "#0"}
			}
		},
		{
			"from": [9.48135, 7.71404, 1.05],
			"to": [10.48135, 9.53904, 13.025],
			"rotation": {"angle": 22.5, "axis": "z", "origin": [9.98135, 8.62654, 7.0625]},
			"faces": {
				"north": {"uv": [5.75, 4, 6, 4.5], "texture": "#0"},
				"east": {"uv": [2.5, 2, 5.5, 2.5], "texture": "#0"},
				"south": {"uv": [5.75, 4.5, 6, 5], "texture": "#0"},
				"west": {"uv": [2.5, 2.5, 5.5, 3], "texture": "#0"},
				"up": {"uv": [6.25, 7, 6, 4], "texture": "#0"},
				"down": {"uv": [6.5, 0, 6.25, 3], "texture": "#0"}
			}
		},
		{
			"from": [8.275, 8, 1.05],
			"to": [10.325, 9.75, 13.05],
			"rotation": {"angle": 0, "axis": "y", "origin": [9.175, 6.22142, 6.875]},
			"faces": {
				"north": {"uv": [5.75, 7.5, 6.25, 8], "texture": "#0"},
				"east": {"uv": [1.5, 1, 4.5, 1.5], "texture": "#0"},
				"south": {"uv": [7.5, 6, 8, 6.5], "texture": "#0"},
				"west": {"uv": [1.5, 1.5, 4.5, 2], "texture": "#0"},
				"up": {"uv": [2, 5, 1.5, 2], "texture": "#0"},
				"down": {"uv": [2.5, 2, 2, 5], "texture": "#0"}
			}
		},
		{
			"from": [8.075, 7.95, 8.8],
			"to": [10.5, 9.8, 9.05],
			"rotation": {"angle": 0, "axis": "y", "origin": [9.175, 6.22142, 6.375]},
			"faces": {
				"north": {"uv": [6.75, 6, 7.375, 6.5], "texture": "#0"},
				"east": {"uv": [7.5, 8.25, 7.625, 8.75], "texture": "#0"},
				"south": {"uv": [7, 0, 7.625, 0.5], "texture": "#0"},
				"west": {"uv": [3, 8.5, 3.125, 9], "texture": "#0"},
				"up": {"uv": [8.625, 7.875, 8, 7.75], "texture": "#0"},
				"down": {"uv": [8.625, 8, 8, 8.125], "texture": "#0"}
			}
		},
		{
			"from": [8.075, 7.95, 10.8],
			"to": [10.5, 9.8, 11.05],
			"rotation": {"angle": 0, "axis": "y", "origin": [9.175, 6.22142, 8.375]},
			"faces": {
				"north": {"uv": [7, 1.5, 7.625, 2], "texture": "#0"},
				"east": {"uv": [3.5, 8.5, 3.625, 9], "texture": "#0"},
				"south": {"uv": [7, 2, 7.625, 2.5], "texture": "#0"},
				"west": {"uv": [8.5, 3.5, 8.625, 4], "texture": "#0"},
				"up": {"uv": [8.875, 0.625, 8.25, 0.5], "texture": "#0"},
				"down": {"uv": [1.375, 8.25, 0.75, 8.375], "texture": "#0"}
			}
		},
		{
			"from": [8.075, 7.95, 9.8],
			"to": [10.5, 9.8, 10.05],
			"rotation": {"angle": 0, "axis": "y", "origin": [9.175, 6.22142, 7.375]},
			"faces": {
				"north": {"uv": [7, 0.5, 7.625, 1], "texture": "#0"},
				"east": {"uv": [8.5, 3, 8.625, 3.5], "texture": "#0"},
				"south": {"uv": [7, 1, 7.625, 1.5], "texture": "#0"},
				"west": {"uv": [3.25, 8.5, 3.375, 9], "texture": "#0"},
				"up": {"uv": [0.625, 8.375, 0, 8.25], "texture": "#0"},
				"down": {"uv": [8.875, 0.25, 8.25, 0.375], "texture": "#0"}
			}
		},
		{
			"from": [8.075, 7.95, 10.3],
			"to": [10.5, 9.8, 10.55],
			"rotation": {"angle": 0, "axis": "y", "origin": [9.175, 6.22142, 7.875]},
			"faces": {
				"north": {"uv": [6, 7, 6.625, 7.5], "texture": "#0"},
				"east": {"uv": [8.5, 4, 8.625, 4.5], "texture": "#0"},
				"south": {"uv": [7, 6.5, 7.625, 7], "texture": "#0"},
				"west": {"uv": [8.5, 4.5, 8.625, 5], "texture": "#0"},
				"up": {"uv": [8.875, 0.875, 8.25, 0.75], "texture": "#0"},
				"down": {"uv": [8.875, 1, 8.25, 1.125], "texture": "#0"}
			}
		},
		{
			"from": [8.075, 7.95, 9.3],
			"to": [10.5, 9.8, 9.55],
			"rotation": {"angle": 0, "axis": "y", "origin": [9.175, 6.22142, 6.875]},
			"faces": {
				"north": {"uv": [6.75, 7, 7.375, 7.5], "texture": "#0"},
				"east": {"uv": [7, 8.5, 7.125, 9], "texture": "#0"},
				"south": {"uv": [0, 7.25, 0.625, 7.75], "texture": "#0"},
				"west": {"uv": [7.25, 8.5, 7.375, 9], "texture": "#0"},
				"up": {"uv": [8.875, 1.375, 8.25, 1.25], "texture": "#0"},
				"down": {"uv": [2.125, 8.25, 1.5, 8.375], "texture": "#0"}
			}
		},
		{
			"from": [8.1, 2.47734, 9.77313],
			"to": [10.5, 4.47734, 11.77313],
			"rotation": {"angle": -45, "axis": "x", "origin": [9.175, 6.22142, 6.875]},
			"faces": {
				"north": {"uv": [1.5, 6.75, 2.125, 7.25], "texture": "#0"},
				"east": {"uv": [6.25, 7.5, 6.75, 8], "texture": "#0"},
				"south": {"uv": [2.25, 6.75, 2.875, 7.25], "texture": "#0"},
				"west": {"uv": [6.75, 7.5, 7.25, 8], "texture": "#0"},
				"up": {"uv": [3.625, 7.25, 3, 6.75], "texture": "#0"},
				"down": {"uv": [4.375, 6.75, 3.75, 7.25], "texture": "#0"}
			}
		},
		{
			"from": [8.55, 4, 6.3],
			"to": [10.05, 4.5, 11.05],
			"rotation": {"angle": 0, "axis": "y", "origin": [9.175, 6.22142, 6.875]},
			"faces": {
				"north": {"uv": [8.5, 5.5, 8.875, 5.625], "texture": "#0"},
				"east": {"uv": [7.75, 2.25, 9, 2.375], "texture": "#0"},
				"south": {"uv": [8, 8.5, 8.375, 8.625], "texture": "#0"},
				"west": {"uv": [3, 7.75, 4.25, 7.875], "texture": "#0"},
				"up": {"uv": [6.625, 5.25, 6.25, 4], "texture": "#0"},
				"down": {"uv": [6.625, 5.25, 6.25, 6.5], "texture": "#0"}
			}
		},
		{
			"from": [8.575, 4.5, 6.425],
			"to": [9.975, 5, 11.05],
			"rotation": {"angle": 0, "axis": "y", "origin": [9.175, 6.22142, 6.875]},
			"faces": {
				"north": {"uv": [8.5, 8.25, 8.875, 8.375], "texture": "#0"},
				"east": {"uv": [8, 2.5, 9.125, 2.625], "texture": "#0"},
				"south": {"uv": [8.5, 8.5, 8.875, 8.625], "texture": "#0"},
				"west": {"uv": [8, 2.75, 9.125, 2.875], "texture": "#0"},
				"up": {"uv": [6.875, 1.125, 6.5, 0], "texture": "#0"},
				"down": {"uv": [6.875, 1.25, 6.5, 2.375], "texture": "#0"}
			}
		},
		{
			"from": [8.55, 5, 6.55],
			"to": [10.05, 7, 7.05],
			"rotation": {"angle": 0, "axis": "y", "origin": [9.175, 6.22142, 6.875]},
			"faces": {
				"north": {"uv": [7.75, 0.25, 8.125, 0.75], "texture": "#0"},
				"east": {"uv": [3.75, 8.25, 3.875, 8.75], "texture": "#0"},
				"south": {"uv": [7.75, 0.75, 8.125, 1.25], "texture": "#0"},
				"west": {"uv": [4.25, 8.25, 4.375, 8.75], "texture": "#0"},
				"up": {"uv": [0.375, 8.875, 0, 8.75], "texture": "#0"},
				"down": {"uv": [9.125, 0, 8.75, 0.125], "texture": "#0"}
			}
		},
		{
			"from": [9.05, 6.08624, 8.27472],
			"to": [9.55, 7.58624, 8.77472],
			"rotation": {"angle": 22.5, "axis": "x", "origin": [9.175, 6.22142, 6.875]},
			"faces": {
				"north": {"uv": [0.5, 8.75, 0.625, 9.125], "texture": "#0"},
				"east": {"uv": [0.75, 8.75, 0.875, 9.125], "texture": "#0"},
				"south": {"uv": [1, 8.75, 1.125, 9.125], "texture": "#0"},
				"west": {"uv": [1.25, 8.75, 1.375, 9.125], "texture": "#0"},
				"up": {"uv": [6.125, 8.875, 6, 8.75], "texture": "#0"},
				"down": {"uv": [8.875, 6, 8.75, 6.125], "texture": "#0"}
			}
		},
		{
			"from": [8.4637, 5.76581, 6.575],
			"to": [8.7137, 7.76581, 7.025],
			"rotation": {"angle": 22.5, "axis": "z", "origin": [9.175, 6.22142, 6.875]},
			"faces": {
				"north": {"uv": [4.5, 8.25, 4.625, 8.75], "texture": "#0"},
				"east": {"uv": [4.75, 8.25, 4.875, 8.75], "texture": "#0"},
				"south": {"uv": [5, 8.25, 5.125, 8.75], "texture": "#0"},
				"west": {"uv": [5.75, 8.25, 5.875, 8.75], "texture": "#0"},
				"up": {"uv": [6.375, 8.875, 6.25, 8.75], "texture": "#0"},
				"down": {"uv": [8.875, 6.25, 8.75, 6.375], "texture": "#0"}
			}
		},
		{
			"from": [9.86727, 5.86148, 6.575],
			"to": [10.11727, 7.86148, 7.025],
			"rotation": {"angle": -22.5, "axis": "z", "origin": [9.175, 6.22142, 6.875]},
			"faces": {
				"north": {"uv": [6, 8.25, 6.125, 8.75], "texture": "#0"},
				"east": {"uv": [6.25, 8.25, 6.375, 8.75], "texture": "#0"},
				"south": {"uv": [6.5, 8.25, 6.625, 8.75], "texture": "#0"},
				"west": {"uv": [6.75, 8.25, 6.875, 8.75], "texture": "#0"},
				"up": {"uv": [6.625, 8.875, 6.5, 8.75], "texture": "#0"},
				"down": {"uv": [6.875, 8.75, 6.75, 8.875], "texture": "#0"}
			}
		},
		{
			"from": [8.55, 7.5, 0.8],
			"to": [10.05, 9, 2.8],
			"rotation": {"angle": 0, "axis": "y", "origin": [9.175, 6.22142, 6.875]},
			"faces": {
				"north": {"uv": [4.25, 7.75, 4.625, 8.125], "texture": "#0"},
				"east": {"uv": [1, 7.75, 1.5, 8.125], "texture": "#0"},
				"south": {"uv": [4.75, 7.75, 5.125, 8.125], "texture": "#0"},
				"west": {"uv": [7.75, 1.25, 8.25, 1.625], "texture": "#0"},
				"up": {"uv": [1.875, 8.25, 1.5, 7.75], "texture": "#0"},
				"down": {"uv": [8.125, 1.75, 7.75, 2.25], "texture": "#0"}
			}
		},
		{
			"from": [8.3, 7.25, 1.025],
			"to": [10.3, 9.7, 1.275],
			"rotation": {"angle": 0, "axis": "y", "origin": [9.175, 6.22142, 6.875]},
			"faces": {
				"north": {"uv": [6.75, 4, 7.25, 4.625], "texture": "#0"},
				"east": {"uv": [4, 8, 4.125, 8.625], "texture": "#0"},
				"south": {"uv": [6.75, 4.75, 7.25, 5.375], "texture": "#0"},
				"west": {"uv": [7.75, 8, 7.875, 8.625], "texture": "#0"},
				"up": {"uv": [7.5, 8.375, 7, 8.25], "texture": "#0"},
				"down": {"uv": [8.75, 7, 8.25, 7.125], "texture": "#0"}
			}
		},
		{
			"from": [8.8, 9.75, 1.925],
			"to": [9.8, 10.125, 2.625],
			"rotation": {"angle": 0, "axis": "y", "origin": [9.175, 6.22142, 6.875]},
			"faces": {
				"north": {"uv": [4.5, 5, 4.75, 5.125], "texture": "#0"},
				"east": {"uv": [8.75, 7, 8.875, 7.125], "texture": "#0"},
				"south": {"uv": [5.25, 1.75, 5.5, 1.875], "texture": "#0"},
				"west": {"uv": [8.75, 7.25, 8.875, 7.375], "texture": "#0"},
				"up": {"uv": [5.75, 2.875, 5.5, 2.75], "texture": "#0"},
				"down": {"uv": [6, 5, 5.75, 5.125], "texture": "#0"}
			}
		},
		{
			"from": [8.475, 9.75, 1.675],
			"to": [10.15, 10, 2.6],
			"rotation": {"angle": 0, "axis": "y", "origin": [9.175, 6.22142, 6.875]},
			"faces": {
				"north": {"uv": [1.5, 8.75, 1.875, 8.875], "texture": "#0"},
				"east": {"uv": [5.75, 7.25, 6, 7.375], "texture": "#0"},
				"south": {"uv": [2, 8.75, 2.375, 8.875], "texture": "#0"},
				"west": {"uv": [8.75, 4.5, 9, 4.625], "texture": "#0"},
				"up": {"uv": [8.375, 5.75, 8, 5.5], "texture": "#0"},
				"down": {"uv": [6.125, 8, 5.75, 8.25], "texture": "#0"}
			}
		},
		{
			"from": [8.35, 9.75, 11.8],
			"to": [10.275, 10, 12.95],
			"rotation": {"angle": 0, "axis": "y", "origin": [9.175, 6.22142, 6.875]},
			"faces": {
				"north": {"uv": [8.25, 7.25, 8.75, 7.375], "texture": "#0"},
				"east": {"uv": [8.75, 4.75, 9, 4.875], "texture": "#0"},
				"south": {"uv": [8, 8.25, 8.5, 8.375], "texture": "#0"},
				"west": {"uv": [5, 8.75, 5.25, 8.875], "texture": "#0"},
				"up": {"uv": [0.5, 8.25, 0, 8], "texture": "#0"},
				"down": {"uv": [1, 8, 0.5, 8.25], "texture": "#0"}
			}
		},
		{
			"from": [8.55, 9.75, 11.975],
			"to": [9.25, 10.2, 12.475],
			"rotation": {"angle": 0, "axis": "y", "origin": [9.175, 6.22142, 6.875]},
			"faces": {
				"north": {"uv": [7.5, 8.75, 7.625, 8.875], "texture": "#0"},
				"east": {"uv": [8.75, 7.5, 8.875, 7.625], "texture": "#0"},
				"south": {"uv": [7.75, 8.75, 7.875, 8.875], "texture": "#0"},
				"west": {"uv": [8.75, 7.75, 8.875, 7.875], "texture": "#0"},
				"up": {"uv": [8.125, 8.875, 8, 8.75], "texture": "#0"},
				"down": {"uv": [8.875, 8, 8.75, 8.125], "texture": "#0"}
			}
		},
		{
			"from": [9.35, 9.75, 11.975],
			"to": [10.05, 10.2, 12.475],
			"rotation": {"angle": 0, "axis": "y", "origin": [10.175, 6.22142, 6.875]},
			"faces": {
				"north": {"uv": [8.75, 8.75, 8.875, 8.875], "texture": "#0"},
				"east": {"uv": [0, 9, 0.125, 9.125], "texture": "#0"},
				"south": {"uv": [0.25, 9, 0.375, 9.125], "texture": "#0"},
				"west": {"uv": [9, 0.25, 9.125, 0.375], "texture": "#0"},
				"up": {"uv": [9.125, 0.625, 9, 0.5], "texture": "#0"},
				"down": {"uv": [9.125, 0.75, 9, 0.875], "texture": "#0"}
			}
		},
		{
			"from": [8.55, 9.75, 12.475],
			"to": [10.05, 10.1, 12.725],
			"rotation": {"angle": 0, "axis": "y", "origin": [9.175, 6.22142, 6.875]},
			"faces": {
				"north": {"uv": [8.75, 2, 9.125, 2.125], "texture": "#0"},
				"east": {"uv": [8.25, 8.75, 8.375, 8.875], "texture": "#0"},
				"south": {"uv": [2.5, 8.75, 2.875, 8.875], "texture": "#0"},
				"west": {"uv": [8.5, 8.75, 8.625, 8.875], "texture": "#0"},
				"up": {"uv": [9.125, 3.125, 8.75, 3], "texture": "#0"},
				"down": {"uv": [9.125, 3.25, 8.75, 3.375], "texture": "#0"}
			}
		}
	],
	"display": {
		"thirdperson_righthand": {
			"translation": [-0.75, 0.75, -1.5],
			"scale": [0.55, 0.55, 0.55]
		},
		"thirdperson_lefthand": {
			"translation": [0.75, 0.75, -1.5],
			"scale": [0.55, 0.55, 0.55]
		},
		"firstperson_righthand": {
			"rotation": [-7.12, -27.56, 6.89],
			"translation": [-0.62, 4.2, 1.13],
			"scale": [0.68, 0.68, 0.68]
		},
		"firstperson_lefthand": {
			"rotation": [-11.18, -23.49, 6.32],
			"translation": [0.88, 4.2, 1.13],
			"scale": [0.68, 0.68, 0.68]
		},
		"ground": {
			"translation": [0, 2, 0],
			"scale": [0.5, 0.5, 0.5]
		},
		"gui": {
			"rotation": [139.48, -46.41, 164.99],
			"translation": [0.75, 1.75, 0]
		},
		"head": {
			"rotation": [0, -180, 0],
			"translation": [0, 13, 7]
		},
		"fixed": {
			"rotation": [0, 90, 0],
			"translation": [0, 2.25, 0]
		}
	}
}