{
	"texture_size": [32, 32],
	"textures": {
		"0": "item/weapons/m4a1",
		"particle": "item/weapons/m4a1"
	},
	"elements": [
		{
			"from": [0, 8.5, 0.75],
			"to": [2, 11.25, 7.25],
			"rotation": {"angle": 0, "axis": "x", "origin": [0.9375, 8.42714, 8.19085]},
			"faces": {
				"north": {"uv": [9, 0, 10, 1.5], "texture": "#0"},
				"east": {"uv": [0, 3, 3.25, 4.5], "texture": "#0"},
				"south": {"uv": [9, 1.5, 10, 3], "texture": "#0"},
				"west": {"uv": [3.5, 3, 6.75, 4.5], "texture": "#0"},
				"up": {"uv": [1, 7.75, 0, 4.5], "texture": "#0"},
				"down": {"uv": [2, 4.5, 1, 7.75], "texture": "#0"}
			}
		},
		{
			"from": [-0.075, 8.425, 1],
			"to": [2.075, 11.325, 7],
			"rotation": {"angle": 0, "axis": "x", "origin": [0.9375, 8.42714, 8.19085]},
			"faces": {
				"north": {"uv": [7.5, 9.5, 8.5, 11], "texture": "#0"},
				"east": {"uv": [4, 0, 7, 1.5], "texture": "#0"},
				"south": {"uv": [9, 9.5, 10, 11], "texture": "#0"},
				"west": {"uv": [4, 1.5, 7, 3], "texture": "#0"},
				"up": {"uv": [6.5, 9.5, 5.5, 6.5], "texture": "#0"},
				"down": {"uv": [7.5, 6.5, 6.5, 9.5], "texture": "#0"}
			}
		},
		{
			"from": [0.35, 8.75, 7.25],
			"to": [1.65, 10.75, 8],
			"rotation": {"angle": 0, "axis": "x", "origin": [0.9375, 8.42714, 8.19085]},
			"faces": {
				"north": {"uv": [0, 11.5, 0.75, 12.5], "texture": "#0"},
				"east": {"uv": [12.5, 6, 13, 7], "texture": "#0"},
				"south": {"uv": [2, 11.5, 2.75, 12.5], "texture": "#0"},
				"west": {"uv": [6.5, 12.5, 7, 13.5], "texture": "#0"},
				"up": {"uv": [7.75, 13.5, 7, 13], "texture": "#0"},
				"down": {"uv": [8.75, 13, 8, 13.5], "texture": "#0"}
			}
		},
		{
			"from": [0.3, 8.5, 7.85],
			"to": [1.7, 11.25, 16],
			"rotation": {"angle": 0, "axis": "x", "origin": [0.9375, 8.42714, 8.19085]},
			"faces": {
				"north": {"uv": [10.5, 4.5, 11.25, 6], "texture": "#0"},
				"east": {"uv": [0, 0, 4, 1.5], "texture": "#0"},
				"south": {"uv": [10.5, 7.5, 11.25, 9], "texture": "#0"},
				"west": {"uv": [0, 1.5, 4, 3], "texture": "#0"},
				"up": {"uv": [2.75, 10.5, 2, 6.5], "texture": "#0"},
				"down": {"uv": [3.75, 6.5, 3, 10.5], "texture": "#0"}
			}
		},
		{
			"from": [0.525, 9.05, 16],
			"to": [1.475, 10.425, 24.25],
			"rotation": {"angle": 0, "axis": "x", "origin": [0.9375, 8.42714, 8.19085]},
			"faces": {
				"north": {"uv": [13.5, 0.5, 14, 1.25], "texture": "#0"},
				"east": {"uv": [2, 4.5, 6.25, 5.25], "texture": "#0"},
				"south": {"uv": [1, 13.5, 1.5, 14.25], "texture": "#0"},
				"west": {"uv": [2, 5.5, 6.25, 6.25], "texture": "#0"},
				"up": {"uv": [2, 12.25, 1.5, 8], "texture": "#0"},
				"down": {"uv": [9, 0, 8.5, 4.25], "texture": "#0"}
			}
		},
		{
			"from": [0.525, 8.55, 17.125],
			"to": [1.475, 9.05, 23.7],
			"rotation": {"angle": 0, "axis": "x", "origin": [0.9375, 8.42714, 8.19085]},
			"faces": {
				"north": {"uv": [8.5, 14.5, 9, 14.75], "texture": "#0"},
				"east": {"uv": [11, 10.5, 14.25, 10.75], "texture": "#0"},
				"south": {"uv": [9, 14.5, 9.5, 14.75], "texture": "#0"},
				"west": {"uv": [11, 11, 14.25, 11.25], "texture": "#0"},
				"up": {"uv": [5.5, 11.75, 5, 8.5], "texture": "#0"},
				"down": {"uv": [9, 7.5, 8.5, 10.75], "texture": "#0"}
			}
		},
		{
			"from": [0.55, 7.675, 17.75],
			"to": [1.45, 8.55, 23.475],
			"rotation": {"angle": 0, "axis": "x", "origin": [0.9375, 8.42714, 8.19085]},
			"faces": {
				"north": {"uv": [14, 2, 14.5, 2.5], "texture": "#0"},
				"east": {"uv": [9.5, 7, 12.25, 7.5], "texture": "#0"},
				"south": {"uv": [14, 2.5, 14.5, 3], "texture": "#0"},
				"west": {"uv": [10, 0, 12.75, 0.5], "texture": "#0"},
				"up": {"uv": [8.5, 2.75, 8, 0], "texture": "#0"},
				"down": {"uv": [1.5, 9.5, 1, 12.25], "texture": "#0"}
			}
		},
		{
			"from": [0.5, 10.9374, 22.22624],
			"to": [1.5, 16.4124, 22.80124],
			"rotation": {"angle": 22.5, "axis": "x", "origin": [0.9375, 8.42714, 8.19085]},
			"faces": {
				"north": {"uv": [10, 7.5, 10.5, 10.25], "texture": "#0"},
				"east": {"uv": [9.5, 11, 9.75, 13.75], "texture": "#0"},
				"south": {"uv": [10.5, 0.5, 11, 3.25], "texture": "#0"},
				"west": {"uv": [11, 11.5, 11.25, 14.25], "texture": "#0"},
				"up": {"uv": [15, 11.25, 14.5, 11], "texture": "#0"},
				"down": {"uv": [12, 14.5, 11.5, 14.75], "texture": "#0"}
			}
		},
		{
			"from": [0.6, 15.79045, 15.91586],
			"to": [1.4, 17.56545, 18.29086],
			"rotation": {"angle": 45, "axis": "x", "origin": [0.9375, 8.42714, 8.19085]},
			"faces": {
				"north": {"uv": [12.5, 8.5, 13, 9.5], "texture": "#0"},
				"east": {"uv": [2, 10.5, 3.25, 11.5], "texture": "#0"},
				"south": {"uv": [9, 12.5, 9.5, 13.5], "texture": "#0"},
				"west": {"uv": [10.5, 3.5, 11.75, 4.5], "texture": "#0"},
				"up": {"uv": [12.5, 3.25, 12, 2], "texture": "#0"},
				"down": {"uv": [5.5, 12, 5, 13.25], "texture": "#0"}
			}
		},
		{
			"from": [0.525, -3.1603, 16.79159],
			"to": [1.475, -1.5353, 18.31659],
			"rotation": {"angle": -45, "axis": "x", "origin": [0.9375, 8.42714, 8.19085]},
			"faces": {
				"north": {"uv": [1.5, 13.5, 2, 14.25], "texture": "#0"},
				"east": {"uv": [12.5, 2.5, 13.25, 3.25], "texture": "#0"},
				"south": {"uv": [13.5, 1.5, 14, 2.25], "texture": "#0"},
				"west": {"uv": [3, 12.5, 3.75, 13.25], "texture": "#0"},
				"up": {"uv": [2.5, 14.25, 2, 13.5], "texture": "#0"},
				"down": {"uv": [3, 13.5, 2.5, 14.25], "texture": "#0"}
			}
		},
		{
			"from": [0.5, -3.6174, 16.08449],
			"to": [1.5, -1.2424, 17.10949],
			"rotation": {"angle": -45, "axis": "x", "origin": [0.9375, 8.42714, 8.19085]},
			"faces": {
				"north": {"uv": [10, 12, 10.5, 13.25], "texture": "#0"},
				"east": {"uv": [10.5, 12, 11, 13.25], "texture": "#0"},
				"south": {"uv": [11.5, 12, 12, 13.25], "texture": "#0"},
				"west": {"uv": [12, 12, 12.5, 13.25], "texture": "#0"},
				"up": {"uv": [14.5, 3.5, 14, 3], "texture": "#0"},
				"down": {"uv": [14.5, 3.5, 14, 4], "texture": "#0"}
			}
		},
		{
			"from": [0.5, 7.25, 18.55],
			"to": [1.5, 7.675, 19.075],
			"rotation": {"angle": 0, "axis": "x", "origin": [0.9375, 8.42714, 8.19085]},
			"faces": {
				"north": {"uv": [9.5, 14.5, 10, 14.75], "texture": "#0"},
				"east": {"uv": [1.5, 15, 1.75, 15.25], "texture": "#0"},
				"south": {"uv": [10.5, 14.5, 11, 14.75], "texture": "#0"},
				"west": {"uv": [15, 1.5, 15.25, 1.75], "texture": "#0"},
				"up": {"uv": [15, 10.75, 14.5, 10.5], "texture": "#0"},
				"down": {"uv": [11.5, 14.5, 11, 14.75], "texture": "#0"}
			}
		},
		{
			"from": [0.325, 0.77061, 12.59131],
			"to": [1.675, 6.14561, 14.59131],
			"rotation": {"angle": -22.5, "axis": "x", "origin": [0.9375, 8.42714, 8.19085]},
			"faces": {
				"north": {"uv": [4, 8.5, 4.75, 11.25], "texture": "#0"},
				"east": {"uv": [7, 0, 8, 2.75], "texture": "#0"},
				"south": {"uv": [8.5, 4.5, 9.25, 7.25], "texture": "#0"},
				"west": {"uv": [7.5, 6.5, 8.5, 9.25], "texture": "#0"},
				"up": {"uv": [7.25, 12.5, 6.5, 11.5], "texture": "#0"},
				"down": {"uv": [12.25, 7.5, 11.5, 8.5], "texture": "#0"}
			}
		},
		{
			"from": [0.375, 7.775, 11.3],
			"to": [1.625, 8.5, 15.35],
			"rotation": {"angle": 0, "axis": "x", "origin": [0.9375, 8.42714, 8.19085]},
			"faces": {
				"north": {"uv": [14, 11.5, 14.75, 11.75], "texture": "#0"},
				"east": {"uv": [12.5, 7.5, 14.5, 7.75], "texture": "#0"},
				"south": {"uv": [14, 12, 14.75, 12.25], "texture": "#0"},
				"west": {"uv": [12.5, 8, 14.5, 8.25], "texture": "#0"},
				"up": {"uv": [6.25, 11.5, 5.5, 9.5], "texture": "#0"},
				"down": {"uv": [7.25, 9.5, 6.5, 11.5], "texture": "#0"}
			}
		},
		{
			"from": [0.375, 6.45, 13.075],
			"to": [1.625, 8.175, 14.1],
			"rotation": {"angle": 0, "axis": "x", "origin": [0.9375, 8.42714, 8.19085]},
			"faces": {
				"north": {"uv": [12.5, 1.5, 13.25, 2.25], "texture": "#0"},
				"east": {"uv": [13, 11.5, 13.5, 12.25], "texture": "#0"},
				"south": {"uv": [2, 12.5, 2.75, 13.25], "texture": "#0"},
				"west": {"uv": [12.5, 13, 13, 13.75], "texture": "#0"},
				"up": {"uv": [13.75, 13, 13, 12.5], "texture": "#0"},
				"down": {"uv": [13.75, 13, 13, 13.5], "texture": "#0"}
			}
		},
		{
			"from": [0.375, 6.375, 11.25],
			"to": [1.625, 6.65, 13.175],
			"rotation": {"angle": 0, "axis": "x", "origin": [0.9375, 8.42714, 8.19085]},
			"faces": {
				"north": {"uv": [14, 12.5, 14.75, 12.75], "texture": "#0"},
				"east": {"uv": [14, 1, 15, 1.25], "texture": "#0"},
				"south": {"uv": [14, 13, 14.75, 13.25], "texture": "#0"},
				"west": {"uv": [14, 1.5, 15, 1.75], "texture": "#0"},
				"up": {"uv": [12.25, 9.5, 11.5, 8.5], "texture": "#0"},
				"down": {"uv": [12.25, 9.5, 11.5, 10.5], "texture": "#0"}
			}
		},
		{
			"from": [0.875, 8.54268, 12.39277],
			"to": [0.875, 9.96768, 12.66777],
			"rotation": {"angle": 22.5, "axis": "x", "origin": [0.9375, 8.42714, 8.19085]},
			"faces": {
				"north": {"uv": [0, 0, 0, 0.75], "texture": "#0"},
				"east": {"uv": [10, 14, 10.25, 14.75], "texture": "#0"},
				"south": {"uv": [0, 0, 0, 0.75], "texture": "#0"},
				"west": {"uv": [12.5, 14, 12.75, 14.75], "texture": "#0"},
				"up": {"uv": [0, 0.25, 0, 0], "texture": "#0"},
				"down": {"uv": [0, 0, 0, 0.25], "texture": "#0"}
			}
		},
		{
			"from": [0.375, 5.7875, 8.5625],
			"to": [1.625, 8.6875, 11.3125],
			"rotation": {"angle": 0, "axis": "x", "origin": [0.9375, 8.42714, 8.19085]},
			"faces": {
				"north": {"uv": [10.5, 9, 11.25, 10.5], "texture": "#0"},
				"east": {"uv": [7, 3, 8.5, 4.5], "texture": "#0"},
				"south": {"uv": [10, 10.5, 10.75, 12], "texture": "#0"},
				"west": {"uv": [0, 8, 1.5, 9.5], "texture": "#0"},
				"up": {"uv": [11.75, 2, 11, 0.5], "texture": "#0"},
				"down": {"uv": [11.75, 2, 11, 3.5], "texture": "#0"}
			}
		},
		{
			"from": [0.325, 3.31001, 9.30221],
			"to": [1.675, 7.18501, 12.07721],
			"rotation": {"angle": 22.5, "axis": "x", "origin": [0.9375, 8.42714, 8.19085]},
			"faces": {
				"north": {"uv": [9.5, 3, 10.25, 5], "texture": "#0"},
				"east": {"uv": [4, 6.5, 5.5, 8.5], "texture": "#0"},
				"south": {"uv": [9.5, 5, 10.25, 7], "texture": "#0"},
				"west": {"uv": [6.5, 4.5, 8, 6.5], "texture": "#0"},
				"up": {"uv": [8.25, 12.5, 7.5, 11], "texture": "#0"},
				"down": {"uv": [9.25, 11, 8.5, 12.5], "texture": "#0"}
			}
		},
		{
			"from": [0.375, 11.25, 12.875],
			"to": [1.625, 12.75, 14.75],
			"rotation": {"angle": 0, "axis": "x", "origin": [0.9375, 8.42714, 8.19085]},
			"faces": {
				"north": {"uv": [12.5, 0.5, 13.25, 1.25], "texture": "#0"},
				"east": {"uv": [3, 11.5, 4, 12.25], "texture": "#0"},
				"south": {"uv": [1, 12.5, 1.75, 13.25], "texture": "#0"},
				"west": {"uv": [4, 11.5, 5, 12.25], "texture": "#0"},
				"up": {"uv": [12.25, 5.5, 11.5, 4.5], "texture": "#0"},
				"down": {"uv": [6.25, 11.5, 5.5, 12.5], "texture": "#0"}
			}
		},
		{
			"from": [0.4, 8.24284, 14.84739],
			"to": [1.6, 9.74284, 15.72239],
			"rotation": {"angle": -22.5, "axis": "x", "origin": [0.9375, 8.42714, 8.19085]},
			"faces": {
				"north": {"uv": [13.5, 2.5, 14, 3.25], "texture": "#0"},
				"east": {"uv": [3, 13.5, 3.5, 14.25], "texture": "#0"},
				"south": {"uv": [3.5, 13.5, 4, 14.25], "texture": "#0"},
				"west": {"uv": [13.5, 3.5, 14, 4.25], "texture": "#0"},
				"up": {"uv": [14.5, 4.5, 14, 4], "texture": "#0"},
				"down": {"uv": [14.5, 4.5, 14, 5], "texture": "#0"}
			}
		},
		{
			"from": [0.4, 12.8175, 12.57653],
			"to": [1.6, 14.3175, 13.45153],
			"rotation": {"angle": 45, "axis": "x", "origin": [0.9375, 8.42714, 8.19085]},
			"faces": {
				"north": {"uv": [4, 13.5, 4.5, 14.25], "texture": "#0"},
				"east": {"uv": [4.5, 13.5, 5, 14.25], "texture": "#0"},
				"south": {"uv": [13.5, 4.5, 14, 5.25], "texture": "#0"},
				"west": {"uv": [5, 13.5, 5.5, 14.25], "texture": "#0"},
				"up": {"uv": [14.5, 6.5, 14, 6], "texture": "#0"},
				"down": {"uv": [7, 14, 6.5, 14.5], "texture": "#0"}
			}
		},
		{
			"from": [0.5, 11.79949, 14.83753],
			"to": [1.5, 12.67449, 17.33753],
			"rotation": {"angle": 22.5, "axis": "x", "origin": [0.9375, 8.42714, 8.19085]},
			"faces": {
				"north": {"uv": [14, 5, 14.5, 5.5], "texture": "#0"},
				"east": {"uv": [12, 3.5, 13.25, 4], "texture": "#0"},
				"south": {"uv": [14, 5.5, 14.5, 6], "texture": "#0"},
				"west": {"uv": [12, 4, 13.25, 4.5], "texture": "#0"},
				"up": {"uv": [0.5, 13.75, 0, 12.5], "texture": "#0"},
				"down": {"uv": [1, 12.5, 0.5, 13.75], "texture": "#0"}
			}
		},
		{
			"from": [0.375, 11.25, 8.175],
			"to": [1.625, 12.275, 8.75],
			"rotation": {"angle": 0, "axis": "x", "origin": [0.9375, 8.42714, 8.19085]},
			"faces": {
				"north": {"uv": [13, 8.5, 13.75, 9], "texture": "#0"},
				"east": {"uv": [8, 14.5, 8.25, 15], "texture": "#0"},
				"south": {"uv": [13, 9, 13.75, 9.5], "texture": "#0"},
				"west": {"uv": [14.5, 8, 14.75, 8.5], "texture": "#0"},
				"up": {"uv": [14.75, 9.75, 14, 9.5], "texture": "#0"},
				"down": {"uv": [14.75, 10, 14, 10.25], "texture": "#0"}
			}
		},
		{
			"from": [0.4, 11.43529, 9.64747],
			"to": [1.6, 11.98529, 10.27247],
			"rotation": {"angle": -22.5, "axis": "x", "origin": [0.9375, 8.42714, 8.19085]},
			"faces": {
				"north": {"uv": [12, 14.5, 12.5, 14.75], "texture": "#0"},
				"east": {"uv": [2, 15, 2.25, 15.25], "texture": "#0"},
				"south": {"uv": [13, 14.5, 13.5, 14.75], "texture": "#0"},
				"west": {"uv": [15, 2, 15.25, 2.25], "texture": "#0"},
				"up": {"uv": [14, 14.75, 13.5, 14.5], "texture": "#0"},
				"down": {"uv": [14.5, 14.5, 14, 14.75], "texture": "#0"}
			}
		},
		{
			"from": [0.375, 12, 8.75],
			"to": [1.625, 12.5, 12.875],
			"rotation": {"angle": 0, "axis": "x", "origin": [0.9375, 8.42714, 8.19085]},
			"faces": {
				"north": {"uv": [9, 14, 9.75, 14.25], "texture": "#0"},
				"east": {"uv": [7, 12.5, 9, 12.75], "texture": "#0"},
				"south": {"uv": [14, 9, 14.75, 9.25], "texture": "#0"},
				"west": {"uv": [12.5, 7, 14.5, 7.25], "texture": "#0"},
				"up": {"uv": [9.75, 9.5, 9, 7.5], "texture": "#0"},
				"down": {"uv": [0.75, 9.5, 0, 11.5], "texture": "#0"}
			}
		},
		{
			"from": [0.375, 10.68782, 7.94156],
			"to": [1.625, 10.93782, 8.94156],
			"rotation": {"angle": -22.5, "axis": "x", "origin": [0.9375, 8.42714, 8.19085]},
			"faces": {
				"north": {"uv": [14, 6.5, 14.75, 6.75], "texture": "#0"},
				"east": {"uv": [7, 14.5, 7.5, 14.75], "texture": "#0"},
				"south": {"uv": [7, 14, 7.75, 14.25], "texture": "#0"},
				"west": {"uv": [14.5, 7, 15, 7.25], "texture": "#0"},
				"up": {"uv": [13.75, 0.5, 13, 0], "texture": "#0"},
				"down": {"uv": [13.75, 5.5, 13, 6], "texture": "#0"}
			}
		},
		{
			"from": [0.375, 8.36078, 6.92909],
			"to": [1.625, 8.61078, 7.85409],
			"rotation": {"angle": 22.5, "axis": "x", "origin": [0.9375, 8.42714, 8.19085]},
			"faces": {
				"north": {"uv": [8, 14, 8.75, 14.25], "texture": "#0"},
				"east": {"uv": [7.5, 14.5, 8, 14.75], "texture": "#0"},
				"south": {"uv": [14, 8.5, 14.75, 8.75], "texture": "#0"},
				"west": {"uv": [14.5, 7.5, 15, 7.75], "texture": "#0"},
				"up": {"uv": [13.75, 6.5, 13, 6], "texture": "#0"},
				"down": {"uv": [13.75, 6.5, 13, 7], "texture": "#0"}
			}
		},
		{
			"from": [0.6, 9, 0],
			"to": [1.35, 10.75, 0.75],
			"rotation": {"angle": 0, "axis": "x", "origin": [0.9375, 8.42714, 8.19085]},
			"faces": {
				"north": {"uv": [3.5, 10.5, 4, 11.5], "texture": "#0"},
				"east": {"uv": [4, 12.5, 4.5, 13.5], "texture": "#0"},
				"south": {"uv": [4.5, 12.5, 5, 13.5], "texture": "#0"},
				"west": {"uv": [12.5, 4.5, 13, 5.5], "texture": "#0"},
				"up": {"uv": [10.5, 3, 10, 2.5], "texture": "#0"},
				"down": {"uv": [7, 13.5, 6.5, 14], "texture": "#0"}
			}
		},
		{
			"from": [0.575, 9.575, -2.75],
			"to": [1.375, 10.325, 0.75],
			"rotation": {"angle": 0, "axis": "x", "origin": [0.9375, 8.42714, 8.19085]},
			"faces": {
				"north": {"uv": [7, 13.5, 7.5, 14], "texture": "#0"},
				"east": {"uv": [10.5, 6, 12.25, 6.5], "texture": "#0"},
				"south": {"uv": [7.5, 13.5, 8, 14], "texture": "#0"},
				"west": {"uv": [10.5, 6.5, 12.25, 7], "texture": "#0"},
				"up": {"uv": [8.5, 6.25, 8, 4.5], "texture": "#0"},
				"down": {"uv": [10.5, 0.5, 10, 2.25], "texture": "#0"}
			}
		},
		{
			"from": [0.6, 9.65, -3.75],
			"to": [1.35, 10.2, -2.75],
			"rotation": {"angle": 0, "axis": "x", "origin": [0.9375, 8.42714, 8.19085]},
			"faces": {
				"north": {"uv": [14.5, 2, 15, 2.25], "texture": "#0"},
				"east": {"uv": [2.5, 14.5, 3, 14.75], "texture": "#0"},
				"south": {"uv": [14.5, 2.5, 15, 2.75], "texture": "#0"},
				"west": {"uv": [3, 14.5, 3.5, 14.75], "texture": "#0"},
				"up": {"uv": [10.5, 14, 10, 13.5], "texture": "#0"},
				"down": {"uv": [14, 10, 13.5, 10.5], "texture": "#0"}
			}
		},
		{
			"from": [0.6, 10.15, -1],
			"to": [1.35, 10.7, 0],
			"rotation": {"angle": 0, "axis": "x", "origin": [0.9375, 8.42714, 8.19085]},
			"faces": {
				"north": {"uv": [14.5, 4.5, 15, 4.75], "texture": "#0"},
				"east": {"uv": [5, 14.5, 5.5, 14.75], "texture": "#0"},
				"south": {"uv": [14.5, 5, 15, 5.25], "texture": "#0"},
				"west": {"uv": [5.5, 14.5, 6, 14.75], "texture": "#0"},
				"up": {"uv": [0.5, 14.5, 0, 14], "texture": "#0"},
				"down": {"uv": [14.5, 0, 14, 0.5], "texture": "#0"}
			}
		},
		{
			"from": [0.6, 9.025, -1.75],
			"to": [1.35, 9.575, -0.75],
			"rotation": {"angle": 0, "axis": "x", "origin": [0.9375, 8.42714, 8.19085]},
			"faces": {
				"north": {"uv": [14.5, 5.5, 15, 5.75], "texture": "#0"},
				"east": {"uv": [6, 14.5, 6.5, 14.75], "texture": "#0"},
				"south": {"uv": [14.5, 6, 15, 6.25], "texture": "#0"},
				"west": {"uv": [6.5, 14.5, 7, 14.75], "texture": "#0"},
				"up": {"uv": [1, 14.5, 0.5, 14], "texture": "#0"},
				"down": {"uv": [14.5, 0.5, 14, 1], "texture": "#0"}
			}
		},
		{
			"from": [0.625, 12.60653, -0.13067],
			"to": [1.325, 13.15653, 1.11933],
			"rotation": {"angle": -22.5, "axis": "x", "origin": [0.9375, 8.42714, 8.19085]},
			"faces": {
				"north": {"uv": [2.5, 15, 2.75, 15.25], "texture": "#0"},
				"east": {"uv": [14, 13.5, 14.75, 13.75], "texture": "#0"},
				"south": {"uv": [15, 2.5, 15.25, 2.75], "texture": "#0"},
				"west": {"uv": [14, 14, 14.75, 14.25], "texture": "#0"},
				"up": {"uv": [0.25, 15.25, 0, 14.5], "texture": "#0"},
				"down": {"uv": [14.75, 0, 14.5, 0.75], "texture": "#0"}
			}
		},
		{
			"from": [0.6, 5.38081, -2.18204],
			"to": [1.35, 5.93081, -0.93204],
			"rotation": {"angle": 22.5, "axis": "x", "origin": [0.9375, 8.42714, 8.19085]},
			"faces": {
				"north": {"uv": [14.5, 14.5, 15, 14.75], "texture": "#0"},
				"east": {"uv": [0.5, 14.5, 1.25, 14.75], "texture": "#0"},
				"south": {"uv": [15, 0, 15.5, 0.25], "texture": "#0"},
				"west": {"uv": [1.5, 14.5, 2.25, 14.75], "texture": "#0"},
				"up": {"uv": [6, 14.25, 5.5, 13.5], "texture": "#0"},
				"down": {"uv": [6.5, 13.5, 6, 14.25], "texture": "#0"}
			}
		},
		{
			"from": [0.6, 8.29896, -1.9497],
			"to": [1.35, 8.87396, -1.2497],
			"rotation": {"angle": 22.5, "axis": "x", "origin": [0.9375, 8.42714, 8.19085]},
			"faces": {
				"north": {"uv": [14.5, 3.5, 15, 3.75], "texture": "#0"},
				"east": {"uv": [1, 15, 1.25, 15.25], "texture": "#0"},
				"south": {"uv": [4, 14.5, 4.5, 14.75], "texture": "#0"},
				"west": {"uv": [15, 1, 15.25, 1.25], "texture": "#0"},
				"up": {"uv": [15, 4.25, 14.5, 4], "texture": "#0"},
				"down": {"uv": [5, 14.5, 4.5, 14.75], "texture": "#0"}
			}
		},
		{
			"from": [0.6, 9.575, -6.25],
			"to": [1.35, 10.325, -3.75],
			"rotation": {"angle": 0, "axis": "x", "origin": [0.9375, 8.42714, 8.19085]},
			"faces": {
				"north": {"uv": [9, 13.5, 9.5, 14], "texture": "#0"},
				"east": {"uv": [11.5, 5.5, 12.75, 6], "texture": "#0"},
				"south": {"uv": [13.5, 9.5, 14, 10], "texture": "#0"},
				"west": {"uv": [11.5, 11.5, 12.75, 12], "texture": "#0"},
				"up": {"uv": [9.5, 4.25, 9, 3], "texture": "#0"},
				"down": {"uv": [12.5, 0.5, 12, 1.75], "texture": "#0"}
			}
		},
		{
			"from": [0.6, 9.525, -7.85],
			"to": [1.35, 10.375, -6.25],
			"rotation": {"angle": 0, "axis": "x", "origin": [0.9375, 8.42714, 8.19085]},
			"faces": {
				"north": {"uv": [8, 13.5, 8.5, 14], "texture": "#0"},
				"east": {"uv": [12.5, 9.5, 13.25, 10], "texture": "#0"},
				"south": {"uv": [8.5, 13.5, 9, 14], "texture": "#0"},
				"west": {"uv": [12.5, 10, 13.25, 10.5], "texture": "#0"},
				"up": {"uv": [13, 12.75, 12.5, 12], "texture": "#0"},
				"down": {"uv": [13.5, 4.5, 13, 5.25], "texture": "#0"}
			}
		},
		{
			"from": [0.575, 10.25, -1.225],
			"to": [1.375, 12.25, -0.975],
			"rotation": {"angle": 0, "axis": "y", "origin": [0.9375, 8.42714, 8.19085]},
			"faces": {
				"north": {"uv": [5.5, 12.5, 6, 13.5], "texture": "#0"},
				"east": {"uv": [10.5, 13.5, 10.75, 14.5], "texture": "#0"},
				"south": {"uv": [6, 12.5, 6.5, 13.5], "texture": "#0"},
				"west": {"uv": [11.5, 13.5, 11.75, 14.5], "texture": "#0"},
				"up": {"uv": [15, 3.25, 14.5, 3], "texture": "#0"},
				"down": {"uv": [4, 14.5, 3.5, 14.75], "texture": "#0"}
			}
		},
		{
			"from": [0.625, 13.44843, 1.58394],
			"to": [1.325, 15.44843, 1.80894],
			"rotation": {"angle": -22.5, "axis": "x", "origin": [0.9375, 8.42714, 8.19085]},
			"faces": {
				"north": {"uv": [13.5, 11.5, 13.75, 12.5], "texture": "#0"},
				"east": {"uv": [12, 13.5, 12.25, 14.5], "texture": "#0"},
				"south": {"uv": [13, 13.5, 13.25, 14.5], "texture": "#0"},
				"west": {"uv": [13.5, 13.5, 13.75, 14.5], "texture": "#0"},
				"up": {"uv": [0.75, 15.25, 0.5, 15], "texture": "#0"},
				"down": {"uv": [15.25, 0.5, 15, 0.75], "texture": "#0"}
			}
		}
	],
	"display": {
		"thirdperson_righthand": {
			"translation": [6.75, -0.5, 0]
		},
		"thirdperson_lefthand": {
			"translation": [-7, -0.5, 0]
		},
		"firstperson_righthand": {
			"translation": [5.25, 2, 0]
		},
		"firstperson_lefthand": {
			"translation": [-7.5, 3, 0]
		},
		"ground": {
			"rotation": [-10.56, 10.1, -87.15],
			"translation": [-0.5, -9.25, 0]
		},
		"gui": {
			"rotation": [87.09, -46.43, 87.89],
			"translation": [0.75, 0.25, 7],
			"scale": [0.75, 0.75, 0.74]
		},
		"fixed": {
			"rotation": [0, -88, 0],
			"translation": [0, 0, 7]
		}
	}
}