{
	"texture_size": [64, 64],
	"textures": {
		"1": "item/weapons/marksman",
		"particle": "item/weapons/marksman"
	},
	"elements": [
		{
			"from": [7.5, 8.25, -3.775],
			"to": [8.5, 10.25, 17.55],
			"rotation": {"angle": 0, "axis": "x", "origin": [7, 8, 0]},
			"faces": {
				"north": {"uv": [4.25, 7.25, 4.5, 7.75], "texture": "#1"},
				"east": {"uv": [0, 0, 5.375, 0.5], "texture": "#1"},
				"south": {"uv": [7.25, 6.5, 7.5, 7], "texture": "#1"},
				"west": {"uv": [0, 0.5, 5.375, 1], "texture": "#1"},
				"up": {"uv": [1.25, 6.375, 1, 1], "texture": "#1"},
				"down": {"uv": [1.5, 1, 1.25, 6.375], "texture": "#1"}
			}
		},
		{
			"from": [7.25, 7.25, 10.5],
			"to": [8.75, 8.5, 16.7],
			"rotation": {"angle": 0, "axis": "x", "origin": [7, 6, 0]},
			"faces": {
				"north": {"uv": [7, 6, 7.375, 6.375], "texture": "#1"},
				"east": {"uv": [4.75, 3.5, 6.25, 3.875], "texture": "#1"},
				"south": {"uv": [6.5, 7, 6.875, 7.375], "texture": "#1"},
				"west": {"uv": [3.75, 4.75, 5.25, 5.125], "texture": "#1"},
				"up": {"uv": [4.125, 6.75, 3.75, 5.25], "texture": "#1"},
				"down": {"uv": [5.625, 4, 5.25, 5.5], "texture": "#1"}
			}
		},
		{
			"from": [7.675, 6, 13.375],
			"to": [8.325, 6.25, 14.625],
			"rotation": {"angle": 0, "axis": "x", "origin": [7, 3.75, 0]},
			"faces": {
				"north": {"uv": [8.25, 6.5, 8.375, 6.625], "texture": "#1"},
				"east": {"uv": [8, 5.25, 8.375, 5.375], "texture": "#1"},
				"south": {"uv": [8.25, 6.75, 8.375, 6.875], "texture": "#1"},
				"west": {"uv": [8, 6, 8.375, 6.125], "texture": "#1"},
				"up": {"uv": [6.625, 8.375, 6.5, 8], "texture": "#1"},
				"down": {"uv": [8.125, 6.5, 8, 6.875], "texture": "#1"}
			}
		},
		{
			"from": [7.9, 6.325, 14.325],
			"to": [8.1, 7.575, 14.575],
			"rotation": {"angle": 27.5, "axis": "x", "origin": [8, 6.95, 14.45]},
			"faces": {
				"north": {"uv": [6.75, 8, 6.875, 8.375], "texture": "#1"},
				"east": {"uv": [7, 8, 7.125, 8.375], "texture": "#1"},
				"south": {"uv": [8, 7, 8.125, 7.375], "texture": "#1"},
				"west": {"uv": [7.25, 8, 7.375, 8.375], "texture": "#1"},
				"up": {"uv": [8.375, 7.125, 8.25, 7], "texture": "#1"},
				"down": {"uv": [8.375, 7.25, 8.25, 7.375], "texture": "#1"}
			}
		},
		{
			"from": [7.675, 6.22829, 14.42251],
			"to": [8.325, 6.47829, 15.17251],
			"rotation": {"angle": -45, "axis": "x", "origin": [8, 6.35329, 14.79751]},
			"faces": {
				"north": {"uv": [7.5, 8.25, 7.625, 8.375], "texture": "#1"},
				"east": {"uv": [8.25, 0.75, 8.5, 0.875], "texture": "#1"},
				"south": {"uv": [7.75, 8.25, 7.875, 8.375], "texture": "#1"},
				"west": {"uv": [1, 8.25, 1.25, 8.375], "texture": "#1"},
				"up": {"uv": [8.375, 1.25, 8.25, 1], "texture": "#1"},
				"down": {"uv": [1.375, 8.25, 1.25, 8.5], "texture": "#1"}
			}
		},
		{
			"from": [7.675, 6.22829, 12.57749],
			"to": [8.325, 6.47829, 13.57749],
			"rotation": {"angle": 45, "axis": "x", "origin": [8, 6.35329, 13.20249]},
			"faces": {
				"north": {"uv": [8.25, 7.75, 8.375, 7.875], "texture": "#1"},
				"east": {"uv": [8.25, 1.25, 8.5, 1.375], "texture": "#1"},
				"south": {"uv": [8, 8.25, 8.125, 8.375], "texture": "#1"},
				"west": {"uv": [2.75, 8.25, 3, 8.375], "texture": "#1"},
				"up": {"uv": [8.375, 3.75, 8.25, 3.5], "texture": "#1"},
				"down": {"uv": [3.875, 8.25, 3.75, 8.5], "texture": "#1"}
			}
		},
		{
			"from": [7.225, 3.75, 10.75],
			"to": [8.775, 8, 13],
			"rotation": {"angle": 7.5, "axis": "x", "origin": [8, 6.875, 12.375]},
			"faces": {
				"north": {"uv": [5.75, 4, 6.125, 5.125], "texture": "#1"},
				"east": {"uv": [1.5, 2.5, 2.125, 3.625], "texture": "#1"},
				"south": {"uv": [5.75, 5.25, 6.125, 6.375], "texture": "#1"},
				"west": {"uv": [2.25, 2.5, 2.875, 3.625], "texture": "#1"},
				"up": {"uv": [5.125, 4.625, 4.75, 4], "texture": "#1"},
				"down": {"uv": [6.875, 4.75, 6.5, 5.375], "texture": "#1"}
			}
		},
		{
			"from": [7.225, 3.32382, 15.37375],
			"to": [8.775, 8.07382, 17.12375],
			"rotation": {"angle": -30, "axis": "x", "origin": [8, 5.94882, 15.99875]},
			"faces": {
				"north": {"uv": [4.5, 5.25, 4.875, 6.5], "texture": "#1"},
				"east": {"uv": [3.75, 3.5, 4.25, 4.75], "texture": "#1"},
				"south": {"uv": [5, 5.5, 5.375, 6.75], "texture": "#1"},
				"west": {"uv": [4.25, 3.5, 4.75, 4.75], "texture": "#1"},
				"up": {"uv": [6.875, 6, 6.5, 5.5], "texture": "#1"},
				"down": {"uv": [6.125, 6.5, 5.75, 7], "texture": "#1"}
			}
		},
		{
			"from": [7.3, 7.6, 10.25],
			"to": [8.7, 9.5, 11.5],
			"rotation": {"angle": -35.10302, "axis": "x", "origin": [8, 7.875, 10.875]},
			"faces": {
				"north": {"uv": [6.5, 6, 6.875, 6.5], "texture": "#1"},
				"east": {"uv": [6.25, 6.5, 6.625, 7], "texture": "#1"},
				"south": {"uv": [6.75, 3.5, 7.125, 4], "texture": "#1"},
				"west": {"uv": [3.75, 6.75, 4.125, 7.25], "texture": "#1"},
				"up": {"uv": [7.375, 7.375, 7, 7], "texture": "#1"},
				"down": {"uv": [7.625, 3.5, 7.25, 3.875], "texture": "#1"}
			}
		},
		{
			"from": [7.3, 7.1, 15.75],
			"to": [8.7, 8.85, 17.125],
			"rotation": {"angle": 35.10302, "axis": "x", "origin": [8, 7.875, 16.375]},
			"faces": {
				"north": {"uv": [6.75, 4, 7.125, 4.5], "texture": "#1"},
				"east": {"uv": [4.75, 6.75, 5.125, 7.25], "texture": "#1"},
				"south": {"uv": [6.75, 6.5, 7.125, 7], "texture": "#1"},
				"west": {"uv": [7, 0.5, 7.375, 1], "texture": "#1"},
				"up": {"uv": [4.125, 7.625, 3.75, 7.25], "texture": "#1"},
				"down": {"uv": [7.625, 4, 7.25, 4.375], "texture": "#1"}
			}
		},
		{
			"from": [7.6, 10.25, -3.15],
			"to": [8.4, 10.5, -0.85],
			"rotation": {"angle": 0, "axis": "x", "origin": [7, 10, 0]},
			"faces": {
				"north": {"uv": [8.25, 3.75, 8.5, 3.875], "texture": "#1"},
				"east": {"uv": [7.75, 4, 8.375, 4.125], "texture": "#1"},
				"south": {"uv": [4, 8.25, 4.25, 8.375], "texture": "#1"},
				"west": {"uv": [4.25, 7.75, 4.875, 7.875], "texture": "#1"},
				"up": {"uv": [5.5, 7.375, 5.25, 6.75], "texture": "#1"},
				"down": {"uv": [7.25, 4.5, 7, 5.125], "texture": "#1"}
			}
		},
		{
			"from": [7.5, 8, -3],
			"to": [8.5, 8.25, -1],
			"rotation": {"angle": 0, "axis": "x", "origin": [7, 7.75, 0]},
			"faces": {
				"north": {"uv": [8.25, 4.75, 8.5, 4.875], "texture": "#1"},
				"east": {"uv": [7.75, 5.5, 8.25, 5.625], "texture": "#1"},
				"south": {"uv": [8.25, 5, 8.5, 5.125], "texture": "#1"},
				"west": {"uv": [5.75, 7.75, 6.25, 7.875], "texture": "#1"},
				"up": {"uv": [7.75, 0.5, 7.5, 0], "texture": "#1"},
				"down": {"uv": [7.75, 0.5, 7.5, 1], "texture": "#1"}
			}
		},
		{
			"from": [7.65, 10.5, -3.075],
			"to": [8.35, 10.75, -1.4],
			"rotation": {"angle": 0, "axis": "x", "origin": [7, 10.25, 0]},
			"faces": {
				"north": {"uv": [8.25, 8, 8.375, 8.125], "texture": "#1"},
				"east": {"uv": [7.5, 8, 7.875, 8.125], "texture": "#1"},
				"south": {"uv": [8.25, 8.25, 8.375, 8.375], "texture": "#1"},
				"west": {"uv": [8, 7.5, 8.375, 7.625], "texture": "#1"},
				"up": {"uv": [8.125, 8.125, 8, 7.75], "texture": "#1"},
				"down": {"uv": [0.125, 8.25, 0, 8.625], "texture": "#1"}
			}
		},
		{
			"from": [7, 8.75, -3.775],
			"to": [9, 9.75, 17.525],
			"rotation": {"angle": 0, "axis": "x", "origin": [8, 9.25, 3]},
			"faces": {
				"north": {"uv": [5.25, 7.5, 5.75, 7.75], "texture": "#1"},
				"east": {"uv": [1.5, 1, 6.875, 1.25], "texture": "#1"},
				"south": {"uv": [7.5, 6, 8, 6.25], "texture": "#1"},
				"west": {"uv": [1.5, 1.25, 6.875, 1.5], "texture": "#1"},
				"up": {"uv": [0.5, 6.375, 0, 1], "texture": "#1"},
				"down": {"uv": [1, 1, 0.5, 6.375], "texture": "#1"}
			}
		},
		{
			"from": [7.7, 8.95, -6.275],
			"to": [8.3, 9.55, -3.75],
			"rotation": {"angle": 0, "axis": "x", "origin": [8, 9.25, 3]},
			"faces": {
				"north": {"uv": [8.5, 0, 8.625, 0.125], "texture": "#1"},
				"east": {"uv": [7.75, 4.25, 8.375, 4.375], "texture": "#1"},
				"south": {"uv": [8.5, 0.25, 8.625, 0.375], "texture": "#1"},
				"west": {"uv": [7.75, 4.5, 8.375, 4.625], "texture": "#1"},
				"up": {"uv": [7.875, 5.375, 7.75, 4.75], "texture": "#1"},
				"down": {"uv": [5.125, 7.75, 5, 8.375], "texture": "#1"}
			}
		},
		{
			"from": [7.375, 8.625, -3.85],
			"to": [8.625, 9.875, -3.75],
			"rotation": {"angle": 0, "axis": "x", "origin": [8, 9.25, 3]},
			"faces": {
				"north": {"uv": [7.25, 4.5, 7.625, 4.875], "texture": "#1"},
				"east": {"uv": [8.25, 0, 8.375, 0.375], "texture": "#1"},
				"south": {"uv": [4.75, 7.25, 5.125, 7.625], "texture": "#1"},
				"west": {"uv": [0.25, 8.25, 0.375, 8.625], "texture": "#1"},
				"up": {"uv": [0.875, 8.375, 0.5, 8.25], "texture": "#1"},
				"down": {"uv": [8.625, 0.5, 8.25, 0.625], "texture": "#1"}
			}
		},
		{
			"from": [7.675, 8.925, -7.775],
			"to": [8.325, 9.575, -6],
			"rotation": {"angle": 0, "axis": "x", "origin": [8, 9.25, 0.75]},
			"faces": {
				"north": {"uv": [0.5, 8.5, 0.625, 8.625], "texture": "#1"},
				"east": {"uv": [7.75, 5.75, 8.25, 5.875], "texture": "#1"},
				"south": {"uv": [0.75, 8.5, 0.875, 8.625], "texture": "#1"},
				"west": {"uv": [7.75, 6.25, 8.25, 6.375], "texture": "#1"},
				"up": {"uv": [6.375, 8.25, 6.25, 7.75], "texture": "#1"},
				"down": {"uv": [7.875, 6.5, 7.75, 7], "texture": "#1"}
			}
		},
		{
			"from": [7, 9.325, -3.75],
			"to": [7.5, 10.05, 17.5],
			"rotation": {"angle": -45, "axis": "z", "origin": [7.5, 9.55, 3]},
			"faces": {
				"north": {"uv": [8.5, 0.75, 8.625, 0.875], "texture": "#1"},
				"east": {"uv": [3, 2.5, 8.375, 2.625], "texture": "#1"},
				"south": {"uv": [1, 8.5, 1.125, 8.625], "texture": "#1"},
				"west": {"uv": [3, 2.75, 8.375, 2.875], "texture": "#1"},
				"up": {"uv": [3.125, 8.375, 3, 3], "texture": "#1"},
				"down": {"uv": [3.375, 3, 3.25, 8.375], "texture": "#1"}
			}
		},
		{
			"from": [8.5, 9.325, -3.75],
			"to": [9, 10.05, 17.5],
			"rotation": {"angle": 45, "axis": "z", "origin": [8.5, 9.55, 3]},
			"faces": {
				"north": {"uv": [8.5, 1, 8.625, 1.125], "texture": "#1"},
				"east": {"uv": [3.5, 1.5, 8.875, 1.625], "texture": "#1"},
				"south": {"uv": [1.25, 8.5, 1.375, 8.625], "texture": "#1"},
				"west": {"uv": [3.5, 1.75, 8.875, 1.875], "texture": "#1"},
				"up": {"uv": [3.625, 8.375, 3.5, 3], "texture": "#1"},
				"down": {"uv": [1.625, 3.75, 1.5, 9.125], "texture": "#1"}
			}
		},
		{
			"from": [7, 8.45, -3.75],
			"to": [7.5, 9.175, 17.5],
			"rotation": {"angle": 45, "axis": "z", "origin": [7.5, 8.95, 3]},
			"faces": {
				"north": {"uv": [8.5, 1.25, 8.625, 1.375], "texture": "#1"},
				"east": {"uv": [3.5, 2, 8.875, 2.125], "texture": "#1"},
				"south": {"uv": [8.5, 2.5, 8.625, 2.625], "texture": "#1"},
				"west": {"uv": [3.5, 2.25, 8.875, 2.375], "texture": "#1"},
				"up": {"uv": [1.875, 9.125, 1.75, 3.75], "texture": "#1"},
				"down": {"uv": [2.125, 3.75, 2, 9.125], "texture": "#1"}
			}
		},
		{
			"from": [8.5, 8.45, -3.75],
			"to": [9, 9.175, 17.5],
			"rotation": {"angle": -45, "axis": "z", "origin": [8.5, 8.95, 3]},
			"faces": {
				"north": {"uv": [2.75, 8.5, 2.875, 8.625], "texture": "#1"},
				"east": {"uv": [3.75, 3, 9.125, 3.125], "texture": "#1"},
				"south": {"uv": [8.5, 2.75, 8.625, 2.875], "texture": "#1"},
				"west": {"uv": [3.75, 3.25, 9.125, 3.375], "texture": "#1"},
				"up": {"uv": [2.375, 9.125, 2.25, 3.75], "texture": "#1"},
				"down": {"uv": [2.625, 3.75, 2.5, 9.125], "texture": "#1"}
			}
		},
		{
			"from": [7.6, 7.18685, 18.13798],
			"to": [8.4, 8.18685, 24.23798],
			"rotation": {"angle": 0, "axis": "x", "origin": [8, 8.31185, 21.23798]},
			"faces": {
				"north": {"uv": [5, 5.25, 5.25, 5.5], "texture": "#1"},
				"east": {"uv": [5.5, 0.5, 7, 0.75], "texture": "#1"},
				"south": {"uv": [4.75, 6.5, 5, 6.75], "texture": "#1"},
				"west": {"uv": [5.5, 0.75, 7, 1], "texture": "#1"},
				"up": {"uv": [6.5, 5, 6.25, 3.5], "texture": "#1"},
				"down": {"uv": [6.5, 5, 6.25, 6.5], "texture": "#1"}
			}
		},
		{
			"from": [7.575, 4.45904, 22.53123],
			"to": [8.425, 8.70904, 23.53123],
			"rotation": {"angle": -42.5, "axis": "x", "origin": [8, 6.58404, 23.03123]},
			"faces": {
				"north": {"uv": [1, 6.5, 1.25, 7.625], "texture": "#1"},
				"east": {"uv": [1.25, 6.5, 1.5, 7.625], "texture": "#1"},
				"south": {"uv": [6.5, 3.5, 6.75, 4.625], "texture": "#1"},
				"west": {"uv": [4.5, 6.5, 4.75, 7.625], "texture": "#1"},
				"up": {"uv": [7, 4.75, 6.75, 4.5], "texture": "#1"},
				"down": {"uv": [8, 7, 7.75, 7.25], "texture": "#1"}
			}
		},
		{
			"from": [7.575, 7.73404, 18.80623],
			"to": [8.425, 9.23404, 19.65623],
			"rotation": {"angle": -42.5, "axis": "x", "origin": [8, 6.60904, 19.15623]},
			"faces": {
				"north": {"uv": [7.75, 0, 8, 0.375], "texture": "#1"},
				"east": {"uv": [0.25, 7.75, 0.5, 8.125], "texture": "#1"},
				"south": {"uv": [0.5, 7.75, 0.75, 8.125], "texture": "#1"},
				"west": {"uv": [7.75, 0.5, 8, 0.875], "texture": "#1"},
				"up": {"uv": [8, 7.5, 7.75, 7.25], "texture": "#1"},
				"down": {"uv": [7.75, 7.75, 7.5, 8], "texture": "#1"}
			}
		},
		{
			"from": [7.55, 4.675, 24.1],
			"to": [8.45, 9.9, 25.1],
			"rotation": {"angle": 0, "axis": "y", "origin": [8.25, 8.325, 24.1]},
			"faces": {
				"north": {"uv": [0, 6.5, 0.25, 7.75], "texture": "#1"},
				"east": {"uv": [0.25, 6.5, 0.5, 7.75], "texture": "#1"},
				"south": {"uv": [0.5, 6.5, 0.75, 7.75], "texture": "#1"},
				"west": {"uv": [0.75, 6.5, 1, 7.75], "texture": "#1"},
				"up": {"uv": [8, 7.75, 7.75, 7.5], "texture": "#1"},
				"down": {"uv": [8, 7.75, 7.75, 8], "texture": "#1"}
			}
		},
		{
			"from": [7.625, 8.09139, 17.06791],
			"to": [8.375, 9.89139, 25.06791],
			"rotation": {"angle": 0, "axis": "y", "origin": [8.25, 8.71639, 22.81791]},
			"faces": {
				"north": {"uv": [7.5, 6.25, 7.75, 6.75], "texture": "#1"},
				"east": {"uv": [1.5, 1.5, 3.5, 2], "texture": "#1"},
				"south": {"uv": [6.5, 7.5, 6.75, 8], "texture": "#1"},
				"west": {"uv": [1.5, 2, 3.5, 2.5], "texture": "#1"},
				"up": {"uv": [3, 5.75, 2.75, 3.75], "texture": "#1"},
				"down": {"uv": [4.5, 5.25, 4.25, 7.25], "texture": "#1"}
			}
		},
		{
			"from": [7.425, 7.89139, 17.06791],
			"to": [8.575, 10.09139, 17.81791],
			"rotation": {"angle": 0, "axis": "y", "origin": [8.25, 8.71639, 22.81791]},
			"faces": {
				"north": {"uv": [6.75, 7.5, 7, 8], "texture": "#1"},
				"east": {"uv": [7.5, 6.75, 7.75, 7.25], "texture": "#1"},
				"south": {"uv": [7, 7.5, 7.25, 8], "texture": "#1"},
				"west": {"uv": [7.25, 7.5, 7.5, 8], "texture": "#1"},
				"up": {"uv": [8.25, 0.25, 8, 0], "texture": "#1"},
				"down": {"uv": [8.25, 0.25, 8, 0.5], "texture": "#1"}
			}
		},
		{
			"from": [7.375, 10.525, 9.55],
			"to": [8.625, 11.725, 11.25],
			"rotation": {"angle": 0, "axis": "y", "origin": [7, 10.75, 9.75]},
			"faces": {
				"north": {"uv": [0.75, 7.75, 1.125, 8], "texture": "#1"},
				"east": {"uv": [7.75, 1, 8.125, 1.25], "texture": "#1"},
				"south": {"uv": [7.75, 1.25, 8.125, 1.5], "texture": "#1"},
				"west": {"uv": [7.75, 3.5, 8.125, 3.75], "texture": "#1"},
				"up": {"uv": [7.625, 5.375, 7.25, 5], "texture": "#1"},
				"down": {"uv": [7.625, 5.5, 7.25, 5.875], "texture": "#1"}
			}
		},
		{
			"from": [7.425, 10.575, 11],
			"to": [8.575, 11.675, 13.25],
			"rotation": {"angle": 0, "axis": "y", "origin": [7, 10.75, 12.25]},
			"faces": {
				"north": {"uv": [8, 0.5, 8.25, 0.75], "texture": "#1"},
				"east": {"uv": [7, 1, 7.625, 1.25], "texture": "#1"},
				"south": {"uv": [0.75, 8, 1, 8.25], "texture": "#1"},
				"west": {"uv": [7, 1.25, 7.625, 1.5], "texture": "#1"},
				"up": {"uv": [7.25, 5.875, 7, 5.25], "texture": "#1"},
				"down": {"uv": [6, 7, 5.75, 7.625], "texture": "#1"}
			}
		},
		{
			"from": [7.7, 9.75, 13.875],
			"to": [8.3, 12, 14.625],
			"rotation": {"angle": 0, "axis": "y", "origin": [7, 10.75, 6.625]},
			"faces": {
				"north": {"uv": [5.25, 7.75, 5.375, 8.375], "texture": "#1"},
				"east": {"uv": [6, 7, 6.25, 7.625], "texture": "#1"},
				"south": {"uv": [5.5, 7.75, 5.625, 8.375], "texture": "#1"},
				"west": {"uv": [6.25, 7, 6.5, 7.625], "texture": "#1"},
				"up": {"uv": [8.375, 5.75, 8.25, 5.5], "texture": "#1"},
				"down": {"uv": [8.375, 5.75, 8.25, 6], "texture": "#1"}
			}
		},
		{
			"from": [7.525, 10.675, 12.5],
			"to": [8.475, 11.575, 13.75],
			"rotation": {"angle": 0, "axis": "y", "origin": [7, 10.75, 12.25]},
			"faces": {
				"north": {"uv": [8, 0.75, 8.25, 1], "texture": "#1"},
				"east": {"uv": [3.75, 7.75, 4.125, 8], "texture": "#1"},
				"south": {"uv": [1, 8, 1.25, 8.25], "texture": "#1"},
				"west": {"uv": [7.75, 3.75, 8.125, 4], "texture": "#1"},
				"up": {"uv": [1.5, 8.125, 1.25, 7.75], "texture": "#1"},
				"down": {"uv": [3, 7.75, 2.75, 8.125], "texture": "#1"}
			}
		},
		{
			"from": [7.6, 10.75, 11.25],
			"to": [8.4, 11.5, 18.5],
			"rotation": {"angle": 0, "axis": "y", "origin": [7, 10.75, 11]},
			"faces": {
				"north": {"uv": [3.75, 8, 4, 8.25], "texture": "#1"},
				"east": {"uv": [5.5, 0, 7.375, 0.25], "texture": "#1"},
				"south": {"uv": [4, 8, 4.25, 8.25], "texture": "#1"},
				"west": {"uv": [5.5, 0.25, 7.375, 0.5], "texture": "#1"},
				"up": {"uv": [5.75, 7.375, 5.5, 5.5], "texture": "#1"},
				"down": {"uv": [3, 5.75, 2.75, 7.625], "texture": "#1"}
			}
		},
		{
			"from": [7.7, 9.75, 15.25],
			"to": [8.3, 11.75, 16],
			"rotation": {"angle": 0, "axis": "y", "origin": [7, 10.75, 8]},
			"faces": {
				"north": {"uv": [4.25, 8, 4.375, 8.5], "texture": "#1"},
				"east": {"uv": [7.5, 7.25, 7.75, 7.75], "texture": "#1"},
				"south": {"uv": [4.5, 8, 4.625, 8.5], "texture": "#1"},
				"west": {"uv": [0, 7.75, 0.25, 8.25], "texture": "#1"},
				"up": {"uv": [6.375, 8.5, 6.25, 8.25], "texture": "#1"},
				"down": {"uv": [8.375, 6.25, 8.25, 6.5], "texture": "#1"}
			}
		},
		{
			"from": [7.7, 9.75, 16.35],
			"to": [8.3, 11.65, 17],
			"rotation": {"angle": 0, "axis": "y", "origin": [7, 10.75, 9]},
			"faces": {
				"north": {"uv": [4.75, 8, 4.875, 8.5], "texture": "#1"},
				"east": {"uv": [8, 4.75, 8.125, 5.25], "texture": "#1"},
				"south": {"uv": [5.75, 8, 5.875, 8.5], "texture": "#1"},
				"west": {"uv": [6, 8, 6.125, 8.5], "texture": "#1"},
				"up": {"uv": [3.125, 8.625, 3, 8.5], "texture": "#1"},
				"down": {"uv": [3.375, 8.5, 3.25, 8.625], "texture": "#1"}
			}
		}
	],
	"display": {
		"thirdperson_righthand": {
			"translation": [0, -0.25, -0.25]
		},
		"thirdperson_lefthand": {
			"translation": [0, -0.25, -0.25]
		},
		"firstperson_righthand": {
			"translation": [0, 4.25, 0]
		},
		"firstperson_lefthand": {
			"translation": [0, 4.25, 0]
		},
		"gui": {
			"rotation": [153.09, 27.92, -132.73],
			"translation": [-1.25, 0.25, 0]
		}
	}
}