{
	"texture_size": [32, 32],
	"textures": {
		"0": "item/weapons/mp5",
		"particle": "item/weapons/mp5"
	},
	"elements": [
		{
			"from": [7.25, 8.5, 2.7],
			"to": [8.75, 10.375, 14.3],
			"rotation": {"angle": 0, "axis": "y", "origin": [7, 8, 2.75]},
			"faces": {
				"north": {"uv": [8, 1, 8.75, 2], "texture": "#0"},
				"east": {"uv": [0, 0, 5.75, 1], "texture": "#0"},
				"south": {"uv": [5, 8, 5.75, 9], "texture": "#0"},
				"west": {"uv": [0, 1, 5.75, 2], "texture": "#0"},
				"up": {"uv": [0.75, 7.75, 0, 2], "texture": "#0"},
				"down": {"uv": [1.75, 2, 1, 7.75], "texture": "#0"}
			}
		},
		{
			"from": [7.075, 8.325, 2.75],
			"to": [8.925, 10.15, 8.4],
			"rotation": {"angle": 0, "axis": "y", "origin": [7, 8, 2.75]},
			"faces": {
				"north": {"uv": [8, 0, 9, 1], "texture": "#0"},
				"east": {"uv": [2, 2, 4.75, 3], "texture": "#0"},
				"south": {"uv": [0.5, 8, 1.5, 9], "texture": "#0"},
				"west": {"uv": [2, 3, 4.75, 4], "texture": "#0"},
				"up": {"uv": [3, 6.75, 2, 4], "texture": "#0"},
				"down": {"uv": [4, 4, 3, 6.75], "texture": "#0"}
			}
		},
		{
			"from": [7.225, 8.1, 8.75],
			"to": [8.775, 8.5, 14.3],
			"rotation": {"angle": 0, "axis": "y", "origin": [7, 8, 2.75]},
			"faces": {
				"north": {"uv": [3.5, 10, 4.25, 10.25], "texture": "#0"},
				"east": {"uv": [8, 2, 10.75, 2.25], "texture": "#0"},
				"south": {"uv": [10, 3.5, 10.75, 3.75], "texture": "#0"},
				"west": {"uv": [8, 5, 10.75, 5.25], "texture": "#0"},
				"up": {"uv": [4.75, 6.75, 4, 4], "texture": "#0"},
				"down": {"uv": [5.75, 2, 5, 4.75], "texture": "#0"}
			}
		},
		{
			"from": [7.25, 8.1, 8.75],
			"to": [8.75, 8.5, 14.3],
			"rotation": {"angle": 0, "axis": "y", "origin": [7, 8, 2.75]},
			"faces": {
				"north": {"uv": [10, 4, 10.75, 4.25], "texture": "#0"},
				"east": {"uv": [8, 5.5, 10.75, 5.75], "texture": "#0"},
				"south": {"uv": [4.5, 10, 5.25, 10.25], "texture": "#0"},
				"west": {"uv": [6, 8, 8.75, 8.25], "texture": "#0"},
				"up": {"uv": [5.75, 7.75, 5, 5], "texture": "#0"},
				"down": {"uv": [6.75, 0, 6, 2.75], "texture": "#0"}
			}
		},
		{
			"from": [7.225, 7.475, 8.75],
			"to": [8.775, 8.1, 13.7],
			"rotation": {"angle": 0, "axis": "y", "origin": [7, 8, 2.75]},
			"faces": {
				"north": {"uv": [10, 4.5, 10.75, 4.75], "texture": "#0"},
				"east": {"uv": [9, 1.5, 11.5, 1.75], "texture": "#0"},
				"south": {"uv": [5.5, 10, 6.25, 10.25], "texture": "#0"},
				"west": {"uv": [9, 2.5, 11.5, 2.75], "texture": "#0"},
				"up": {"uv": [6.75, 5.5, 6, 3], "texture": "#0"},
				"down": {"uv": [6.75, 5.5, 6, 8], "texture": "#0"}
			}
		},
		{
			"from": [7.275, 3.0625, 8.9125],
			"to": [8.725, 8.0125, 10.0375],
			"rotation": {"angle": 22.5, "axis": "x", "origin": [8, 7.7875, 9.725]},
			"faces": {
				"north": {"uv": [7, 0, 7.75, 2.5], "texture": "#0"},
				"east": {"uv": [7, 2.5, 7.5, 5], "texture": "#0"},
				"south": {"uv": [2, 7, 2.75, 9.5], "texture": "#0"},
				"west": {"uv": [3, 7, 3.5, 9.5], "texture": "#0"},
				"up": {"uv": [9.75, 9, 9, 8.5], "texture": "#0"},
				"down": {"uv": [9.75, 9, 9, 9.5], "texture": "#0"}
			}
		},
		{
			"from": [7.875, 6.375, 11.025],
			"to": [8.125, 6.475, 11.95],
			"rotation": {"angle": 0, "axis": "y", "origin": [7, 6.9, 2.75]},
			"faces": {
				"north": {"uv": [11.5, 7.5, 11.75, 7.75], "texture": "#0"},
				"east": {"uv": [3, 11, 3.5, 11.25], "texture": "#0"},
				"south": {"uv": [8, 11.5, 8.25, 11.75], "texture": "#0"},
				"west": {"uv": [11, 3, 11.5, 3.25], "texture": "#0"},
				"up": {"uv": [3.75, 11.5, 3.5, 11], "texture": "#0"},
				"down": {"uv": [11.25, 3.5, 11, 4], "texture": "#0"}
			}
		},
		{
			"from": [7.85, 6.6375, 11.6375],
			"to": [8.15, 7.6375, 11.8875],
			"rotation": {"angle": 22.5, "axis": "x", "origin": [8, 7.175, 11.8375]},
			"faces": {
				"north": {"uv": [5, 11, 5.25, 11.5], "texture": "#0"},
				"east": {"uv": [11, 5, 11.25, 5.5], "texture": "#0"},
				"south": {"uv": [5.5, 11, 5.75, 11.5], "texture": "#0"},
				"west": {"uv": [11, 5.5, 11.25, 6], "texture": "#0"},
				"up": {"uv": [11.75, 9.25, 11.5, 9], "texture": "#0"},
				"down": {"uv": [9.75, 11.5, 9.5, 11.75], "texture": "#0"}
			}
		},
		{
			"from": [7.85, 6.55, 11.85],
			"to": [8.15, 6.65, 12.775],
			"rotation": {"angle": -22.5, "axis": "x", "origin": [8, 6.6, 12.3625]},
			"faces": {
				"north": {"uv": [11.5, 8.5, 11.75, 8.75], "texture": "#0"},
				"east": {"uv": [4, 11, 4.5, 11.25], "texture": "#0"},
				"south": {"uv": [9, 11.5, 9.25, 11.75], "texture": "#0"},
				"west": {"uv": [11, 4, 11.5, 4.25], "texture": "#0"},
				"up": {"uv": [4.75, 11.5, 4.5, 11], "texture": "#0"},
				"down": {"uv": [11.25, 4.5, 11, 5], "texture": "#0"}
			}
		},
		{
			"from": [7.85, 6.3625, 10.7875],
			"to": [8.15, 7.6125, 10.8875],
			"rotation": {"angle": -22.5, "axis": "x", "origin": [8, 6.975, 10.8375]},
			"faces": {
				"north": {"uv": [10, 6.5, 10.25, 7.25], "texture": "#0"},
				"east": {"uv": [7.5, 10, 7.75, 10.75], "texture": "#0"},
				"south": {"uv": [10, 7.5, 10.25, 8.25], "texture": "#0"},
				"west": {"uv": [8, 10, 8.25, 10.75], "texture": "#0"},
				"up": {"uv": [11.75, 8.25, 11.5, 8], "texture": "#0"},
				"down": {"uv": [8.75, 11.5, 8.5, 11.75], "texture": "#0"}
			}
		},
		{
			"from": [7.25, 4.8125, 12.5125],
			"to": [8.75, 8.0125, 14.0375],
			"rotation": {"angle": -22.5, "axis": "x", "origin": [8, 7.2875, 13.725]},
			"faces": {
				"north": {"uv": [3.5, 7, 4.25, 8.5], "texture": "#0"},
				"east": {"uv": [7, 5, 7.75, 6.5], "texture": "#0"},
				"south": {"uv": [7, 6.5, 7.75, 8], "texture": "#0"},
				"west": {"uv": [7.5, 2.5, 8.25, 4], "texture": "#0"},
				"up": {"uv": [9.75, 3.75, 9, 3], "texture": "#0"},
				"down": {"uv": [5.25, 9, 4.5, 9.75], "texture": "#0"}
			}
		},
		{
			"from": [7.275, 8.09686, 13.1263],
			"to": [8.725, 8.72186, 14.0763],
			"rotation": {"angle": -22.5, "axis": "x", "origin": [8, 8.40936, 13.9763]},
			"faces": {
				"north": {"uv": [10, 6, 10.75, 6.25], "texture": "#0"},
				"east": {"uv": [11, 2, 11.5, 2.25], "texture": "#0"},
				"south": {"uv": [6.5, 10, 7.25, 10.25], "texture": "#0"},
				"west": {"uv": [2.5, 11, 3, 11.25], "texture": "#0"},
				"up": {"uv": [9.75, 7.5, 9, 7], "texture": "#0"},
				"down": {"uv": [9.75, 8, 9, 8.5], "texture": "#0"}
			}
		},
		{
			"from": [7.275, 8.09686, 7.6487],
			"to": [8.725, 8.72186, 9.0987],
			"rotation": {"angle": 22.5, "axis": "x", "origin": [8, 8.40936, 8.2487]},
			"faces": {
				"north": {"uv": [8.5, 10, 9.25, 10.25], "texture": "#0"},
				"east": {"uv": [10, 8.5, 10.75, 8.75], "texture": "#0"},
				"south": {"uv": [10, 9, 10.75, 9.25], "texture": "#0"},
				"west": {"uv": [9.5, 10, 10.25, 10.25], "texture": "#0"},
				"up": {"uv": [6.25, 9.75, 5.5, 9], "texture": "#0"},
				"down": {"uv": [9.75, 6, 9, 6.75], "texture": "#0"}
			}
		},
		{
			"from": [7.45, 8.775, 15.125],
			"to": [8.55, 9.55, 17.775],
			"rotation": {"angle": 0, "axis": "y", "origin": [7, 8, 5.45]},
			"faces": {
				"north": {"uv": [9.5, 4.5, 10, 5], "texture": "#0"},
				"east": {"uv": [8, 7.5, 9.25, 8], "texture": "#0"},
				"south": {"uv": [9.5, 7.5, 10, 8], "texture": "#0"},
				"west": {"uv": [6, 8.5, 7.25, 9], "texture": "#0"},
				"up": {"uv": [4.5, 9.75, 4, 8.5], "texture": "#0"},
				"down": {"uv": [9, 6, 8.5, 7.25], "texture": "#0"}
			}
		},
		{
			"from": [7.5, 8.3, 17],
			"to": [8.5, 8.7, 19.3],
			"rotation": {"angle": 90, "axis": "x", "origin": [8, 8.6875, 18.15]},
			"faces": {
				"north": {"uv": [10.5, 7, 11, 7.25], "texture": "#0"},
				"east": {"uv": [9.5, 0, 10.75, 0.25], "texture": "#0"},
				"south": {"uv": [10.5, 7.5, 11, 7.75], "texture": "#0"},
				"west": {"uv": [9.5, 0.5, 10.75, 0.75], "texture": "#0"},
				"up": {"uv": [8, 9.75, 7.5, 8.5], "texture": "#0"},
				"down": {"uv": [8.5, 8.5, 8, 9.75], "texture": "#0"}
			}
		},
		{
			"from": [7.475, 6.5375, 17.2625],
			"to": [8.525, 9.0875, 18.1625],
			"rotation": {"angle": -22.5, "axis": "x", "origin": [8, 7.6875, 17.4625]},
			"faces": {
				"north": {"uv": [8.5, 8.5, 9, 9.75], "texture": "#0"},
				"east": {"uv": [9, 0, 9.5, 1.25], "texture": "#0"},
				"south": {"uv": [0.5, 9, 1, 10.25], "texture": "#0"},
				"west": {"uv": [1, 9, 1.5, 10.25], "texture": "#0"},
				"up": {"uv": [0.5, 10.5, 0, 10], "texture": "#0"},
				"down": {"uv": [2, 10, 1.5, 10.5], "texture": "#0"}
			}
		},
		{
			"from": [7.5, 9.525, 15.7],
			"to": [8.5, 9.875, 17.775],
			"rotation": {"angle": 0, "axis": "y", "origin": [7, 8.75, 5.45]},
			"faces": {
				"north": {"uv": [10.5, 6.5, 11, 6.75], "texture": "#0"},
				"east": {"uv": [9, 9.5, 10, 9.75], "texture": "#0"},
				"south": {"uv": [7, 10.5, 7.5, 10.75], "texture": "#0"},
				"west": {"uv": [10, 1, 11, 1.25], "texture": "#0"},
				"up": {"uv": [7, 10, 6.5, 9], "texture": "#0"},
				"down": {"uv": [7.5, 9, 7, 10], "texture": "#0"}
			}
		},
		{
			"from": [7.525, 9.725, 15.2],
			"to": [8.475, 10.075, 15.775],
			"rotation": {"angle": -45, "axis": "x", "origin": [8, 9.9, 15.9875]},
			"faces": {
				"north": {"uv": [10.5, 8, 11, 8.25], "texture": "#0"},
				"east": {"uv": [11.5, 6.5, 11.75, 6.75], "texture": "#0"},
				"south": {"uv": [8.5, 10.5, 9, 10.75], "texture": "#0"},
				"west": {"uv": [7, 11.5, 7.25, 11.75], "texture": "#0"},
				"up": {"uv": [9.5, 10.75, 9, 10.5], "texture": "#0"},
				"down": {"uv": [10, 10.5, 9.5, 10.75], "texture": "#0"}
			}
		},
		{
			"from": [7.5, 8.3625, 16.3625],
			"to": [8.5, 8.9375, 16.7125],
			"rotation": {"angle": -45, "axis": "x", "origin": [8, 9.15, 16.5375]},
			"faces": {
				"north": {"uv": [1, 11, 1.5, 11.25], "texture": "#0"},
				"east": {"uv": [11.5, 7, 11.75, 7.25], "texture": "#0"},
				"south": {"uv": [11, 1, 11.5, 1.25], "texture": "#0"},
				"west": {"uv": [7.5, 11.5, 7.75, 11.75], "texture": "#0"},
				"up": {"uv": [2, 11.25, 1.5, 11], "texture": "#0"},
				"down": {"uv": [2.5, 11, 2, 11.25], "texture": "#0"}
			}
		},
		{
			"from": [7.525, 9.34399, 14.94105],
			"to": [8.475, 10.41899, 15.31605],
			"rotation": {"angle": -22.5, "axis": "x", "origin": [8, 10.00649, 15.14105]},
			"faces": {
				"north": {"uv": [2, 10, 2.5, 10.5], "texture": "#0"},
				"east": {"uv": [10.5, 9.5, 10.75, 10], "texture": "#0"},
				"south": {"uv": [2.5, 10, 3, 10.5], "texture": "#0"},
				"west": {"uv": [10, 10.5, 10.25, 11], "texture": "#0"},
				"up": {"uv": [11, 10.25, 10.5, 10], "texture": "#0"},
				"down": {"uv": [11, 10.5, 10.5, 10.75], "texture": "#0"}
			}
		},
		{
			"from": [7.525, 8.17373, 15.13983],
			"to": [8.475, 9.24873, 15.53983],
			"rotation": {"angle": 45, "axis": "x", "origin": [8, 8.71123, 15.35233]},
			"faces": {
				"north": {"uv": [3, 10, 3.5, 10.5], "texture": "#0"},
				"east": {"uv": [0, 11, 0.25, 11.5], "texture": "#0"},
				"south": {"uv": [10, 3, 10.5, 3.5], "texture": "#0"},
				"west": {"uv": [11, 0, 11.25, 0.5], "texture": "#0"},
				"up": {"uv": [1, 11.25, 0.5, 11], "texture": "#0"},
				"down": {"uv": [11.5, 0.5, 11, 0.75], "texture": "#0"}
			}
		},
		{
			"from": [7.5, 8.2, 14.3],
			"to": [8.5, 10.45, 15.125],
			"rotation": {"angle": 0, "axis": "y", "origin": [7, 7.7, 4.55]},
			"faces": {
				"north": {"uv": [1.5, 8, 2, 9.25], "texture": "#0"},
				"east": {"uv": [8, 6, 8.5, 7.25], "texture": "#0"},
				"south": {"uv": [8.5, 2.5, 9, 3.75], "texture": "#0"},
				"west": {"uv": [3.5, 8.5, 4, 9.75], "texture": "#0"},
				"up": {"uv": [3.5, 10, 3, 9.5], "texture": "#0"},
				"down": {"uv": [10, 4, 9.5, 4.5], "texture": "#0"}
			}
		},
		{
			"from": [7.45, 8.75, -1.425],
			"to": [8.55, 9.875, 2.75],
			"rotation": {"angle": 0, "axis": "y", "origin": [7, 8.25, -2.925]},
			"faces": {
				"north": {"uv": [9.5, 1, 10, 1.5], "texture": "#0"},
				"east": {"uv": [7.5, 4, 9.5, 4.5], "texture": "#0"},
				"south": {"uv": [1.5, 9.5, 2, 10], "texture": "#0"},
				"west": {"uv": [7.5, 4.5, 9.5, 5], "texture": "#0"},
				"up": {"uv": [5, 9, 4.5, 7], "texture": "#0"},
				"down": {"uv": [0.5, 8, 0, 10], "texture": "#0"}
			}
		},
		{
			"from": [7.5, 10.375, 2.8],
			"to": [8.5, 10.625, 3.3],
			"rotation": {"angle": 0, "axis": "y", "origin": [7, 10.375, 1.3]},
			"faces": {
				"north": {"uv": [10, 9.5, 10.5, 9.75], "texture": "#0"},
				"east": {"uv": [6, 11, 6.25, 11.25], "texture": "#0"},
				"south": {"uv": [0, 10.5, 0.5, 10.75], "texture": "#0"},
				"west": {"uv": [11, 6, 11.25, 6.25], "texture": "#0"},
				"up": {"uv": [1, 10.75, 0.5, 10.5], "texture": "#0"},
				"down": {"uv": [1.5, 10.5, 1, 10.75], "texture": "#0"}
			}
		},
		{
			"from": [7.5, 10.375, 5.3],
			"to": [8.5, 10.625, 5.8],
			"rotation": {"angle": 0, "axis": "y", "origin": [7, 10.375, 3.8]},
			"faces": {
				"north": {"uv": [10.5, 3, 11, 3.25], "texture": "#0"},
				"east": {"uv": [11.5, 6, 11.75, 6.25], "texture": "#0"},
				"south": {"uv": [3.5, 10.5, 4, 10.75], "texture": "#0"},
				"west": {"uv": [6.5, 11.5, 6.75, 11.75], "texture": "#0"},
				"up": {"uv": [4.5, 10.75, 4, 10.5], "texture": "#0"},
				"down": {"uv": [5, 10.5, 4.5, 10.75], "texture": "#0"}
			}
		},
		{
			"from": [7.5, 10.375, 12.925],
			"to": [8.5, 10.825, 14.05],
			"rotation": {"angle": 0, "axis": "y", "origin": [7, 10.375, 12.05]},
			"faces": {
				"north": {"uv": [5, 10.5, 5.5, 10.75], "texture": "#0"},
				"east": {"uv": [5.5, 10.5, 6, 10.75], "texture": "#0"},
				"south": {"uv": [6, 10.5, 6.5, 10.75], "texture": "#0"},
				"west": {"uv": [6.5, 10.5, 7, 10.75], "texture": "#0"},
				"up": {"uv": [2.5, 10, 2, 9.5], "texture": "#0"},
				"down": {"uv": [3, 9.5, 2.5, 10], "texture": "#0"}
			}
		},
		{
			"from": [7.5, 11.25, 3.05],
			"to": [8.5, 11.375, 3.3],
			"rotation": {"angle": 0, "axis": "y", "origin": [7, 11.125, 1.3]},
			"faces": {
				"north": {"uv": [1.5, 10.5, 2, 10.75], "texture": "#0"},
				"east": {"uv": [9.5, 11, 9.75, 11.25], "texture": "#0"},
				"south": {"uv": [2, 10.5, 2.5, 10.75], "texture": "#0"},
				"west": {"uv": [11, 9.5, 11.25, 9.75], "texture": "#0"},
				"up": {"uv": [3, 10.75, 2.5, 10.5], "texture": "#0"},
				"down": {"uv": [3.5, 10.5, 3, 10.75], "texture": "#0"}
			}
		},
		{
			"from": [7.65, 11.375, 3.05],
			"to": [8.35, 11.45, 3.3],
			"rotation": {"angle": 0, "axis": "y", "origin": [7, 11.25, 1.3]},
			"faces": {
				"north": {"uv": [11.5, 1.5, 11.75, 1.75], "texture": "#0"},
				"east": {"uv": [2, 11.5, 2.25, 11.75], "texture": "#0"},
				"south": {"uv": [11.5, 2, 11.75, 2.25], "texture": "#0"},
				"west": {"uv": [2.5, 11.5, 2.75, 11.75], "texture": "#0"},
				"up": {"uv": [11.75, 2.75, 11.5, 2.5], "texture": "#0"},
				"down": {"uv": [3.25, 11.5, 3, 11.75], "texture": "#0"}
			}
		},
		{
			"from": [8.25, 10.625, 3.05],
			"to": [8.5, 11.25, 3.3],
			"rotation": {"angle": 0, "axis": "x", "origin": [8, 10.875, 3.175]},
			"faces": {
				"north": {"uv": [6.5, 11, 6.75, 11.25], "texture": "#0"},
				"east": {"uv": [11, 6.5, 11.25, 6.75], "texture": "#0"},
				"south": {"uv": [7, 11, 7.25, 11.25], "texture": "#0"},
				"west": {"uv": [11, 7, 11.25, 7.25], "texture": "#0"},
				"up": {"uv": [7.75, 11.25, 7.5, 11], "texture": "#0"},
				"down": {"uv": [11.25, 7.5, 11, 7.75], "texture": "#0"}
			}
		},
		{
			"from": [8.15, 11.125, 3.075],
			"to": [8.4, 11.375, 3.275],
			"rotation": {"angle": 45, "axis": "z", "origin": [8.275, 11.2625, 3.175]},
			"faces": {
				"north": {"uv": [10, 11, 10.25, 11.25], "texture": "#0"},
				"east": {"uv": [11, 10, 11.25, 10.25], "texture": "#0"},
				"south": {"uv": [10.5, 11, 10.75, 11.25], "texture": "#0"},
				"west": {"uv": [11, 10.5, 11.25, 10.75], "texture": "#0"},
				"up": {"uv": [11.25, 11.25, 11, 11], "texture": "#0"},
				"down": {"uv": [0.25, 11.5, 0, 11.75], "texture": "#0"}
			}
		},
		{
			"from": [7.6, 11.125, 3.075],
			"to": [7.85, 11.375, 3.275],
			"rotation": {"angle": -45, "axis": "z", "origin": [7.725, 11.2625, 3.175]},
			"faces": {
				"north": {"uv": [11.5, 0, 11.75, 0.25], "texture": "#0"},
				"east": {"uv": [0.5, 11.5, 0.75, 11.75], "texture": "#0"},
				"south": {"uv": [11.5, 0.5, 11.75, 0.75], "texture": "#0"},
				"west": {"uv": [1, 11.5, 1.25, 11.75], "texture": "#0"},
				"up": {"uv": [11.75, 1.25, 11.5, 1], "texture": "#0"},
				"down": {"uv": [1.75, 11.5, 1.5, 11.75], "texture": "#0"}
			}
		},
		{
			"from": [8.15, 10.5, 3.075],
			"to": [8.4, 10.75, 3.275],
			"rotation": {"angle": -45, "axis": "z", "origin": [8.275, 10.6125, 3.175]},
			"faces": {
				"north": {"uv": [11.5, 4.5, 11.75, 4.75], "texture": "#0"},
				"east": {"uv": [5, 11.5, 5.25, 11.75], "texture": "#0"},
				"south": {"uv": [11.5, 5, 11.75, 5.25], "texture": "#0"},
				"west": {"uv": [5.5, 11.5, 5.75, 11.75], "texture": "#0"},
				"up": {"uv": [11.75, 5.75, 11.5, 5.5], "texture": "#0"},
				"down": {"uv": [6.25, 11.5, 6, 11.75], "texture": "#0"}
			}
		},
		{
			"from": [7.6, 10.5, 3.075],
			"to": [7.85, 10.75, 3.275],
			"rotation": {"angle": 45, "axis": "z", "origin": [7.725, 10.6125, 3.175]},
			"faces": {
				"north": {"uv": [11.5, 3, 11.75, 3.25], "texture": "#0"},
				"east": {"uv": [3.5, 11.5, 3.75, 11.75], "texture": "#0"},
				"south": {"uv": [11.5, 3.5, 11.75, 3.75], "texture": "#0"},
				"west": {"uv": [4, 11.5, 4.25, 11.75], "texture": "#0"},
				"up": {"uv": [11.75, 4.25, 11.5, 4], "texture": "#0"},
				"down": {"uv": [4.75, 11.5, 4.5, 11.75], "texture": "#0"}
			}
		},
		{
			"from": [7.5, 10.625, 3.05],
			"to": [7.75, 11.25, 3.3],
			"rotation": {"angle": 0, "axis": "x", "origin": [7.25, 10.875, 3.175]},
			"faces": {
				"north": {"uv": [8, 11, 8.25, 11.25], "texture": "#0"},
				"east": {"uv": [11, 8, 11.25, 8.25], "texture": "#0"},
				"south": {"uv": [8.5, 11, 8.75, 11.25], "texture": "#0"},
				"west": {"uv": [11, 8.5, 11.25, 8.75], "texture": "#0"},
				"up": {"uv": [9.25, 11.25, 9, 11], "texture": "#0"},
				"down": {"uv": [11.25, 9, 11, 9.25], "texture": "#0"}
			}
		}
	],
	"display": {
		"thirdperson_righthand": {
			"translation": [0, -1, 3.25]
		},
		"thirdperson_lefthand": {
			"translation": [0, -1, 3.25]
		},
		"firstperson_righthand": {
			"translation": [0, 4.25, 0]
		},
		"firstperson_lefthand": {
			"translation": [0, 4.25, 0]
		},
		"ground": {
			"rotation": [1.77, -26.17, -78.5]
		},
		"gui": {
			"rotation": [151, 42.52, -147.92],
			"translation": [-0.5, 0, 0]
		}
	}
}