{
	"format_version": "1.21.6",
	"credit": "Made with Blockbench",
	"texture_size": [32, 32],
	"textures": {
		"0": "item/weapons/pump_shotgun",
		"particle": "item/weapons/pump_shotgun"
	},
	"elements": [
		{
			"from": [7.36, 3.2, -4.8],
			"to": [8, 3.84, 9.92],
			"rotation": {"angle": 0, "axis": "y", "origin": [7.36, 3.2, -4.8]},
			"faces": {
				"north": {"uv": [8, 12, 8.25, 12.25], "texture": "#0"},
				"east": {"uv": [5, 4, 12.25, 4.25], "texture": "#0"},
				"south": {"uv": [12, 8, 12.25, 8.25], "texture": "#0"},
				"west": {"uv": [5, 4.5, 12.25, 4.75], "texture": "#0"},
				"up": {"uv": [5.25, 12.25, 5, 5], "texture": "#0"},
				"down": {"uv": [5.75, 5, 5.5, 12.25], "texture": "#0"}
			}
		},
		{
			"from": [7.68, 3.84, 6.72],
			"to": [7.68, 4.48, 9.92],
			"rotation": {"angle": 0, "axis": "y", "origin": [7.52, 3.84, -4.8]},
			"faces": {
				"north": {"uv": [0, 0, 0, 0.25], "texture": "#0"},
				"east": {"uv": [2, 10, 3.5, 10.25], "texture": "#0"},
				"south": {"uv": [0, 0, 0, 0.25], "texture": "#0"},
				"west": {"uv": [10, 6, 11.5, 6.25], "texture": "#0"},
				"up": {"uv": [0, 1.5, 0, 0], "texture": "#0"},
				"down": {"uv": [0, 0, 0, 1.5], "texture": "#0"}
			}
		},
		{
			"from": [7.04, 2.88, 9.92],
			"to": [8.32, 5.12, 17.12],
			"rotation": {"angle": 0, "axis": "y", "origin": [7.36, 3.2, -4.8]},
			"faces": {
				"north": {"uv": [9, 9, 9.75, 10], "texture": "#0"},
				"east": {"uv": [0, 2, 3.5, 3], "texture": "#0"},
				"south": {"uv": [9.5, 1, 10.25, 2], "texture": "#0"},
				"west": {"uv": [0, 3, 3.5, 4], "texture": "#0"},
				"up": {"uv": [0.75, 7.5, 0, 4], "texture": "#0"},
				"down": {"uv": [1.75, 4, 1, 7.5], "texture": "#0"}
			}
		},
		{
			"from": [7.225, 1.05, 24.1],
			"to": [8.125, 5.15, 25.1],
			"rotation": {"angle": 0, "axis": "y", "origin": [7.925, 3.575, 24.1]},
			"faces": {
				"north": {"uv": [7.5, 8.5, 8, 10.5], "texture": "#0"},
				"east": {"uv": [8, 8.5, 8.5, 10.5], "texture": "#0"},
				"south": {"uv": [9, 1, 9.5, 3], "texture": "#0"},
				"west": {"uv": [9, 6, 9.5, 8], "texture": "#0"},
				"up": {"uv": [11.5, 11.5, 11, 11], "texture": "#0"},
				"down": {"uv": [0.5, 11.5, 0, 12], "texture": "#0"}
			}
		},
		{
			"from": [7.25, 4, 21.5],
			"to": [8.1, 5, 24.5],
			"rotation": {"angle": 22.5, "axis": "x", "origin": [6.925, 3.75, 20]},
			"faces": {
				"north": {"uv": [10.5, 11, 11, 11.5], "texture": "#0"},
				"east": {"uv": [2, 9.5, 3.5, 10], "texture": "#0"},
				"south": {"uv": [11, 10.5, 11.5, 11], "texture": "#0"},
				"west": {"uv": [9.5, 2, 11, 2.5], "texture": "#0"},
				"up": {"uv": [4, 11, 3.5, 9.5], "texture": "#0"},
				"down": {"uv": [10, 6, 9.5, 7.5], "texture": "#0"}
			}
		},
		{
			"from": [7.3, 3.34139, 17.06791],
			"to": [8.05, 5.14139, 25.06791],
			"rotation": {"angle": 0, "axis": "y", "origin": [7.925, 3.96639, 22.81791]},
			"faces": {
				"north": {"uv": [11, 9.5, 11.25, 10.5], "texture": "#0"},
				"east": {"uv": [0, 0, 4, 1], "texture": "#0"},
				"south": {"uv": [10, 11, 10.25, 12], "texture": "#0"},
				"west": {"uv": [0, 1, 4, 2], "texture": "#0"},
				"up": {"uv": [8.75, 10, 8.5, 6], "texture": "#0"},
				"down": {"uv": [7.25, 8.5, 7, 12.5], "texture": "#0"}
			}
		},
		{
			"from": [7.275, 2.75, 17],
			"to": [8.075, 4, 24.45],
			"rotation": {"angle": 22.5, "axis": "x", "origin": [6.925, 2.75, 20]},
			"faces": {
				"north": {"uv": [10.5, 1, 11, 1.75], "texture": "#0"},
				"east": {"uv": [3.5, 2, 7.25, 2.75], "texture": "#0"},
				"south": {"uv": [2.5, 10.5, 3, 11.25], "texture": "#0"},
				"west": {"uv": [3.5, 3, 7.25, 3.75], "texture": "#0"},
				"up": {"uv": [4.5, 7.75, 4, 4], "texture": "#0"},
				"down": {"uv": [5, 4, 4.5, 7.75], "texture": "#0"}
			}
		},
		{
			"from": [7.165, 3.005, 17.12],
			"to": [8.195, 4.995, 17.37],
			"rotation": {"angle": 0, "axis": "y", "origin": [7.36, 3.2, 2.4]},
			"faces": {
				"north": {"uv": [7, 1, 7.5, 2], "texture": "#0"},
				"east": {"uv": [11, 8.5, 11.25, 9.5], "texture": "#0"},
				"south": {"uv": [1.5, 10, 2, 11], "texture": "#0"},
				"west": {"uv": [9, 11, 9.25, 12], "texture": "#0"},
				"up": {"uv": [8, 12.25, 7.5, 12], "texture": "#0"},
				"down": {"uv": [12.5, 7.5, 12, 7.75], "texture": "#0"}
			}
		},
		{
			"from": [7.552, 1.744, 14.88],
			"to": [7.808, 1.904, 17.28],
			"rotation": {"angle": 0, "axis": "y", "origin": [7.36, 1.904, -4.48]},
			"faces": {
				"north": {"uv": [12.5, 4, 12.75, 4.25], "texture": "#0"},
				"east": {"uv": [10, 7, 11.25, 7.25], "texture": "#0"},
				"south": {"uv": [4.5, 12.5, 4.75, 12.75], "texture": "#0"},
				"west": {"uv": [10.5, 2.5, 11.75, 2.75], "texture": "#0"},
				"up": {"uv": [3.25, 11.75, 3, 10.5], "texture": "#0"},
				"down": {"uv": [4.25, 10.5, 4, 11.75], "texture": "#0"}
			}
		},
		{
			"from": [7.568, 1.76, 14.896],
			"to": [7.792, 4.48, 15.04],
			"rotation": {"angle": 0, "axis": "x", "origin": [7.68, 3.04, 15.04]},
			"faces": {
				"north": {"uv": [4.5, 10.5, 4.75, 11.75], "texture": "#0"},
				"east": {"uv": [7.5, 10.5, 7.75, 11.75], "texture": "#0"},
				"south": {"uv": [8, 10.5, 8.25, 11.75], "texture": "#0"},
				"west": {"uv": [10.5, 9, 10.75, 10.25], "texture": "#0"},
				"up": {"uv": [12.75, 4.75, 12.5, 4.5], "texture": "#0"},
				"down": {"uv": [5.25, 12.5, 5, 12.75], "texture": "#0"}
			}
		},
		{
			"from": [7.52, 2.08, 16.048],
			"to": [7.824, 4.96, 16.272],
			"rotation": {"angle": 22.5, "axis": "x", "origin": [7.68, 3.52, 16.16]},
			"faces": {
				"north": {"uv": [10, 9, 10.25, 10.5], "texture": "#0"},
				"east": {"uv": [9.5, 10, 9.75, 11.5], "texture": "#0"},
				"south": {"uv": [1, 10.5, 1.25, 12], "texture": "#0"},
				"west": {"uv": [2, 10.5, 2.25, 12], "texture": "#0"},
				"up": {"uv": [5.75, 12.75, 5.5, 12.5], "texture": "#0"},
				"down": {"uv": [12.75, 6, 12.5, 6.25], "texture": "#0"}
			}
		},
		{
			"from": [7.072, 0.32, 16.32],
			"to": [8.288, 4.8, 17.99],
			"rotation": {"angle": -22.5, "axis": "x", "origin": [7.68, 1.92, 17.44]},
			"faces": {
				"north": {"uv": [1.5, 7.5, 2, 9.75], "texture": "#0"},
				"east": {"uv": [7, 6, 7.75, 8.25], "texture": "#0"},
				"south": {"uv": [8, 6, 8.5, 8.25], "texture": "#0"},
				"west": {"uv": [0, 7.5, 0.75, 9.75], "texture": "#0"},
				"up": {"uv": [9, 10.75, 8.5, 10], "texture": "#0"},
				"down": {"uv": [9.5, 10, 9, 10.75], "texture": "#0"}
			}
		},
		{
			"from": [7.2, 4, 10.4],
			"to": [8.48, 4.96, 13.92],
			"rotation": {"angle": 0, "axis": "y", "origin": [7.52, 3.04, -4.32]},
			"faces": {
				"north": {"uv": [4, 10, 4.75, 10.5], "texture": "#0"},
				"east": {"uv": [9, 8, 10.75, 8.5], "texture": "#0"},
				"south": {"uv": [10, 6.5, 10.75, 7], "texture": "#0"},
				"west": {"uv": [9, 8.5, 10.75, 9], "texture": "#0"},
				"up": {"uv": [8.75, 2.75, 8, 1], "texture": "#0"},
				"down": {"uv": [4.75, 8, 4, 9.75], "texture": "#0"}
			}
		},
		{
			"from": [7.44, 3.28, -4.96],
			"to": [7.92, 3.76, -4.8],
			"rotation": {"angle": 0, "axis": "y", "origin": [7.36, 3.2, -4.8]},
			"faces": {
				"north": {"uv": [12.5, 0.5, 12.75, 0.75], "texture": "#0"},
				"east": {"uv": [1, 12.5, 1.25, 12.75], "texture": "#0"},
				"south": {"uv": [12.5, 1, 12.75, 1.25], "texture": "#0"},
				"west": {"uv": [1.5, 12.5, 1.75, 12.75], "texture": "#0"},
				"up": {"uv": [12.75, 1.75, 12.5, 1.5], "texture": "#0"},
				"down": {"uv": [2.25, 12.5, 2, 12.75], "texture": "#0"}
			}
		},
		{
			"from": [7.312, 3.152, -4.32],
			"to": [8.048, 3.888, -3.36],
			"rotation": {"angle": 0, "axis": "y", "origin": [7.36, 3.2, -4.8]},
			"faces": {
				"north": {"uv": [9, 12, 9.25, 12.25], "texture": "#0"},
				"east": {"uv": [11.5, 0, 12, 0.25], "texture": "#0"},
				"south": {"uv": [12, 9, 12.25, 9.25], "texture": "#0"},
				"west": {"uv": [0.5, 11.5, 1, 11.75], "texture": "#0"},
				"up": {"uv": [11.75, 1, 11.5, 0.5], "texture": "#0"},
				"down": {"uv": [11.75, 1, 11.5, 1.5], "texture": "#0"}
			}
		},
		{
			"from": [7.312, 4.112, -4.32],
			"to": [8.048, 4.848, -3.36],
			"rotation": {"angle": 0, "axis": "y", "origin": [7.36, 4.64, -4.8]},
			"faces": {
				"north": {"uv": [11, 12, 11.25, 12.25], "texture": "#0"},
				"east": {"uv": [1.5, 11.5, 2, 11.75], "texture": "#0"},
				"south": {"uv": [12, 11, 12.25, 11.25], "texture": "#0"},
				"west": {"uv": [11.5, 1.5, 12, 1.75], "texture": "#0"},
				"up": {"uv": [11.75, 2.5, 11.5, 2], "texture": "#0"},
				"down": {"uv": [2.75, 11.5, 2.5, 12], "texture": "#0"}
			}
		},
		{
			"from": [7.344, 4.848, -4.32],
			"to": [8.016, 5.104, -3.84],
			"rotation": {"angle": 0, "axis": "y", "origin": [7.36, 4.896, -4.8]},
			"faces": {
				"north": {"uv": [11.5, 12, 11.75, 12.25], "texture": "#0"},
				"east": {"uv": [12, 11.5, 12.25, 11.75], "texture": "#0"},
				"south": {"uv": [12, 12, 12.25, 12.25], "texture": "#0"},
				"west": {"uv": [0, 12.5, 0.25, 12.75], "texture": "#0"},
				"up": {"uv": [12.75, 0.25, 12.5, 0], "texture": "#0"},
				"down": {"uv": [0.75, 12.5, 0.5, 12.75], "texture": "#0"}
			}
		},
		{
			"from": [7.472, 3.888, -4.16],
			"to": [7.888, 4.624, -3.52],
			"rotation": {"angle": 0, "axis": "y", "origin": [7.36, 3.936, -4.8]},
			"faces": {
				"north": {"uv": [9.5, 12, 9.75, 12.25], "texture": "#0"},
				"east": {"uv": [12, 9.5, 12.25, 9.75], "texture": "#0"},
				"south": {"uv": [10, 12, 10.25, 12.25], "texture": "#0"},
				"west": {"uv": [12, 10, 12.25, 10.25], "texture": "#0"},
				"up": {"uv": [10.75, 12.25, 10.5, 12], "texture": "#0"},
				"down": {"uv": [12.25, 10.5, 12, 10.75], "texture": "#0"}
			}
		},
		{
			"from": [7.312, 3.152, -0.96],
			"to": [8.048, 3.888, 0],
			"rotation": {"angle": 0, "axis": "y", "origin": [7.36, 3.2, -1.44]},
			"faces": {
				"north": {"uv": [12.5, 3.5, 12.75, 3.75], "texture": "#0"},
				"east": {"uv": [11.5, 3, 12, 3.25], "texture": "#0"},
				"south": {"uv": [4, 12.5, 4.25, 12.75], "texture": "#0"},
				"west": {"uv": [3.5, 11.5, 4, 11.75], "texture": "#0"},
				"up": {"uv": [11.75, 4, 11.5, 3.5], "texture": "#0"},
				"down": {"uv": [11.75, 6, 11.5, 6.5], "texture": "#0"}
			}
		},
		{
			"from": [7.152, 2.72, 6.656],
			"to": [8.208, 3.616, 7.136],
			"rotation": {"angle": 0, "axis": "x", "origin": [7.68, 3.408, 6.736]},
			"faces": {
				"north": {"uv": [10.5, 3, 11, 3.5], "texture": "#0"},
				"east": {"uv": [11.5, 6.5, 11.75, 7], "texture": "#0"},
				"south": {"uv": [10.5, 3.5, 11, 4], "texture": "#0"},
				"west": {"uv": [11.5, 7, 11.75, 7.5], "texture": "#0"},
				"up": {"uv": [12, 7.75, 11.5, 7.5], "texture": "#0"},
				"down": {"uv": [12, 8, 11.5, 8.25], "texture": "#0"}
			}
		},
		{
			"from": [7.152, 2.72, 6.016],
			"to": [8.208, 3.616, 6.496],
			"rotation": {"angle": 0, "axis": "x", "origin": [7.68, 3.408, 6.096]},
			"faces": {
				"north": {"uv": [10.5, 10.5, 11, 11], "texture": "#0"},
				"east": {"uv": [8.5, 11.5, 8.75, 12], "texture": "#0"},
				"south": {"uv": [0, 11, 0.5, 11.5], "texture": "#0"},
				"west": {"uv": [11.5, 8.5, 11.75, 9], "texture": "#0"},
				"up": {"uv": [12, 9.25, 11.5, 9], "texture": "#0"},
				"down": {"uv": [10, 11.5, 9.5, 11.75], "texture": "#0"}
			}
		},
		{
			"from": [7.152, 2.72, 4.736],
			"to": [8.208, 3.616, 5.216],
			"rotation": {"angle": 0, "axis": "x", "origin": [7.68, 3.408, 4.816]},
			"faces": {
				"north": {"uv": [11, 0.5, 11.5, 1], "texture": "#0"},
				"east": {"uv": [11, 11.5, 11.25, 12], "texture": "#0"},
				"south": {"uv": [11, 1, 11.5, 1.5], "texture": "#0"},
				"west": {"uv": [11.5, 11, 11.75, 11.5], "texture": "#0"},
				"up": {"uv": [12, 11.75, 11.5, 11.5], "texture": "#0"},
				"down": {"uv": [0.5, 12, 0, 12.25], "texture": "#0"}
			}
		},
		{
			"from": [7.152, 2.72, 5.376],
			"to": [8.208, 3.616, 5.856],
			"rotation": {"angle": 0, "axis": "x", "origin": [7.68, 3.408, 5.456]},
			"faces": {
				"north": {"uv": [11, 0, 11.5, 0.5], "texture": "#0"},
				"east": {"uv": [11.5, 9.5, 11.75, 10], "texture": "#0"},
				"south": {"uv": [0.5, 11, 1, 11.5], "texture": "#0"},
				"west": {"uv": [11.5, 10, 11.75, 10.5], "texture": "#0"},
				"up": {"uv": [11, 11.75, 10.5, 11.5], "texture": "#0"},
				"down": {"uv": [12, 10.5, 11.5, 10.75], "texture": "#0"}
			}
		},
		{
			"from": [7.152, 2.72, 2.176],
			"to": [8.208, 3.616, 2.656],
			"rotation": {"angle": 0, "axis": "x", "origin": [7.68, 3.408, 2.256]},
			"faces": {
				"north": {"uv": [11, 6.5, 11.5, 7], "texture": "#0"},
				"east": {"uv": [12, 3, 12.25, 3.5], "texture": "#0"},
				"south": {"uv": [11, 7.5, 11.5, 8], "texture": "#0"},
				"west": {"uv": [3.5, 12, 3.75, 12.5], "texture": "#0"},
				"up": {"uv": [12.5, 3.75, 12, 3.5], "texture": "#0"},
				"down": {"uv": [4.5, 12, 4, 12.25], "texture": "#0"}
			}
		},
		{
			"from": [7.152, 2.72, 1.536],
			"to": [8.208, 3.616, 2.016],
			"rotation": {"angle": 0, "axis": "x", "origin": [7.68, 3.408, 1.616]},
			"faces": {
				"north": {"uv": [11, 8, 11.5, 8.5], "texture": "#0"},
				"east": {"uv": [4.5, 12, 4.75, 12.5], "texture": "#0"},
				"south": {"uv": [8.5, 11, 9, 11.5], "texture": "#0"},
				"west": {"uv": [12, 6, 12.25, 6.5], "texture": "#0"},
				"up": {"uv": [12.5, 6.75, 12, 6.5], "texture": "#0"},
				"down": {"uv": [12.5, 7, 12, 7.25], "texture": "#0"}
			}
		},
		{
			"from": [7.152, 2.72, 2.816],
			"to": [8.208, 3.616, 3.296],
			"rotation": {"angle": 0, "axis": "x", "origin": [7.68, 3.408, 2.896]},
			"faces": {
				"north": {"uv": [3.5, 11, 4, 11.5], "texture": "#0"},
				"east": {"uv": [12, 2, 12.25, 2.5], "texture": "#0"},
				"south": {"uv": [11, 3.5, 11.5, 4], "texture": "#0"},
				"west": {"uv": [2.5, 12, 2.75, 12.5], "texture": "#0"},
				"up": {"uv": [12.5, 2.75, 12, 2.5], "texture": "#0"},
				"down": {"uv": [3.5, 12, 3, 12.25], "texture": "#0"}
			}
		},
		{
			"from": [7.152, 2.72, 4.096],
			"to": [8.208, 3.616, 4.576],
			"rotation": {"angle": 0, "axis": "x", "origin": [7.68, 3.408, 4.176]},
			"faces": {
				"north": {"uv": [11, 2, 11.5, 2.5], "texture": "#0"},
				"east": {"uv": [12, 1, 12.25, 1.5], "texture": "#0"},
				"south": {"uv": [11, 3, 11.5, 3.5], "texture": "#0"},
				"west": {"uv": [1.5, 12, 1.75, 12.5], "texture": "#0"},
				"up": {"uv": [12.5, 1.75, 12, 1.5], "texture": "#0"},
				"down": {"uv": [2.5, 12, 2, 12.25], "texture": "#0"}
			}
		},
		{
			"from": [7.152, 2.72, 3.456],
			"to": [8.208, 3.616, 3.936],
			"rotation": {"angle": 0, "axis": "x", "origin": [7.68, 3.408, 3.536]},
			"faces": {
				"north": {"uv": [1.5, 11, 2, 11.5], "texture": "#0"},
				"east": {"uv": [12, 0, 12.25, 0.5], "texture": "#0"},
				"south": {"uv": [11, 1.5, 11.5, 2], "texture": "#0"},
				"west": {"uv": [0.5, 12, 0.75, 12.5], "texture": "#0"},
				"up": {"uv": [12.5, 0.75, 12, 0.5], "texture": "#0"},
				"down": {"uv": [1.5, 12, 1, 12.25], "texture": "#0"}
			}
		},
		{
			"from": [6.992, 2.832, 1.44],
			"to": [8.368, 4.208, 7.248],
			"rotation": {"angle": 0, "axis": "y", "origin": [7.36, 3.2, 0.96]},
			"faces": {
				"north": {"uv": [0, 10, 0.75, 10.75], "texture": "#0"},
				"east": {"uv": [4, 0, 7, 0.75], "texture": "#0"},
				"south": {"uv": [10, 0, 10.75, 0.75], "texture": "#0"},
				"west": {"uv": [4, 1, 7, 1.75], "texture": "#0"},
				"up": {"uv": [2.75, 7, 2, 4], "texture": "#0"},
				"down": {"uv": [3.75, 4, 3, 7], "texture": "#0"}
			}
		},
		{
			"from": [6.928, 2.896, 2.144],
			"to": [8.432, 4.144, 6.544],
			"rotation": {"angle": 0, "axis": "y", "origin": [7.36, 3.2, 0.96]},
			"faces": {
				"north": {"uv": [9.5, 2.5, 10.25, 3], "texture": "#0"},
				"east": {"uv": [8, 3, 10.25, 3.5], "texture": "#0"},
				"south": {"uv": [9.5, 7.5, 10.25, 8], "texture": "#0"},
				"west": {"uv": [8, 3.5, 10.25, 4], "texture": "#0"},
				"up": {"uv": [2.75, 9.25, 2, 7], "texture": "#0"},
				"down": {"uv": [3.75, 7, 3, 9.25], "texture": "#0"}
			}
		},
		{
			"from": [7.152, 2.992, 1.36],
			"to": [8.208, 4.048, 7.344],
			"rotation": {"angle": 0, "axis": "y", "origin": [7.36, 3.2, 0.96]},
			"faces": {
				"north": {"uv": [10.5, 7.5, 11, 8], "texture": "#0"},
				"east": {"uv": [7, 0, 10, 0.5], "texture": "#0"},
				"south": {"uv": [10, 10.5, 10.5, 11], "texture": "#0"},
				"west": {"uv": [7, 0.5, 10, 1], "texture": "#0"},
				"up": {"uv": [1.5, 10.5, 1, 7.5], "texture": "#0"},
				"down": {"uv": [8, 1, 7.5, 4], "texture": "#0"}
			}
		},
		{
			"from": [7.472, 3.888, -0.8],
			"to": [7.888, 4.624, -0.16],
			"rotation": {"angle": 0, "axis": "y", "origin": [7.36, 3.936, -1.44]},
			"faces": {
				"north": {"uv": [12.5, 2, 12.75, 2.25], "texture": "#0"},
				"east": {"uv": [2.5, 12.5, 2.75, 12.75], "texture": "#0"},
				"south": {"uv": [12.5, 2.5, 12.75, 2.75], "texture": "#0"},
				"west": {"uv": [3, 12.5, 3.25, 12.75], "texture": "#0"},
				"up": {"uv": [12.75, 3.25, 12.5, 3], "texture": "#0"},
				"down": {"uv": [3.75, 12.5, 3.5, 12.75], "texture": "#0"}
			}
		},
		{
			"from": [7.36, 4.16, -4.8],
			"to": [8, 4.8, 9.92],
			"rotation": {"angle": 0, "axis": "y", "origin": [7.36, 4.16, -4.8]},
			"faces": {
				"north": {"uv": [8.5, 12, 8.75, 12.25], "texture": "#0"},
				"east": {"uv": [6, 5, 13.25, 5.25], "texture": "#0"},
				"south": {"uv": [12, 8.5, 12.25, 8.75], "texture": "#0"},
				"west": {"uv": [6, 5.5, 13.25, 5.75], "texture": "#0"},
				"up": {"uv": [6.25, 13.25, 6, 6], "texture": "#0"},
				"down": {"uv": [6.75, 6, 6.5, 13.25], "texture": "#0"}
			}
		}
	],
	"display": {
		"thirdperson_righthand": {
			"translation": [0.25, 4.75, 0]
		},
		"thirdperson_lefthand": {
			"translation": [0.25, 4.75, 0]
		},
		"firstperson_righthand": {
			"translation": [0, 7.75, 0]
		},
		"firstperson_lefthand": {
			"translation": [0, 7.75, 0]
		},
		"ground": {
			"translation": [0, 2.75, 0]
		},
		"gui": {
			"rotation": [91.44, -46.7, 91.12],
			"translation": [-1, 5, 0]
		},
		"fixed": {
			"rotation": [0, 90, 0],
			"translation": [-1.75, 3.75, -1]
		}
	}
}