{
	"format_version": "1.9.0",
	"credit": "Made with Blockbench",
	"texture_size": [32, 32],
	"textures": {
		"0": "item/weapons/ump45",
		"particle": "item/weapons/ump45"
	},
	"elements": [
		{
			"from": [7.60595, 5.7794, 2.31255],
			"to": [8.39405, 6.3048, 9.8389],
			"rotation": {"angle": 0, "axis": "y", "origin": [7.4746, 5.7794, 2.2206]},
			"faces": {
				"north": {"uv": [0.5, 7.5, 1, 7.75], "texture": "#0"},
				"east": {"uv": [3, 3.5, 6.75, 3.75], "texture": "#0"},
				"south": {"uv": [1, 7.5, 1.5, 7.75], "texture": "#0"},
				"west": {"uv": [4, 1, 7.75, 1.25], "texture": "#0"},
				"up": {"uv": [1.5, 4.75, 1, 1], "texture": "#0"},
				"down": {"uv": [2, 1, 1.5, 4.75], "texture": "#0"}
			}
		},
		{
			"from": [7.48774, -0.5254, 6.02975],
			"to": [8.51226, 4.59725, 7.08055],
			"rotation": {"angle": 22.5, "axis": "x", "origin": [8, 4.2032, 6.55515]},
			"faces": {
				"north": {"uv": [2, 1, 2.5, 3.5], "texture": "#0"},
				"east": {"uv": [2.5, 1, 3, 3.5], "texture": "#0"},
				"south": {"uv": [3, 1, 3.5, 3.5], "texture": "#0"},
				"west": {"uv": [3.5, 1, 4, 3.5], "texture": "#0"},
				"up": {"uv": [3.5, 7, 3, 6.5], "texture": "#0"},
				"down": {"uv": [7, 3, 6.5, 3.5], "texture": "#0"}
			}
		},
		{
			"from": [7.4746, 4.7286, 2.2206],
			"to": [8.5254, 5.7794, 11.6778],
			"rotation": {"angle": 0, "axis": "y", "origin": [7.4746, 4.7286, 2.2206]},
			"faces": {
				"north": {"uv": [5, 6.5, 5.5, 7], "texture": "#0"},
				"east": {"uv": [0, 0, 4.75, 0.5], "texture": "#0"},
				"south": {"uv": [6.5, 5, 7, 5.5], "texture": "#0"},
				"west": {"uv": [0, 0.5, 4.75, 1], "texture": "#0"},
				"up": {"uv": [0.5, 5.75, 0, 1], "texture": "#0"},
				"down": {"uv": [1, 1, 0.5, 5.75], "texture": "#0"}
			}
		},
		{
			"from": [7.6979, 5.254, 11.6778],
			"to": [8.3021, 5.64805, 16.4064],
			"rotation": {"angle": 0, "axis": "y", "origin": [7.4746, 4.7286, 6.9492]},
			"faces": {
				"north": {"uv": [10.5, 4.5, 10.75, 4.75], "texture": "#0"},
				"east": {"uv": [4, 3, 6.25, 3.25], "texture": "#0"},
				"south": {"uv": [5, 10.5, 5.25, 10.75], "texture": "#0"},
				"west": {"uv": [4.5, 1.5, 6.75, 1.75], "texture": "#0"},
				"up": {"uv": [4.75, 6.25, 4.5, 4], "texture": "#0"},
				"down": {"uv": [1.25, 5, 1, 7.25], "texture": "#0"}
			}
		},
		{
			"from": [7.67163, 4.00618, 13.39849],
			"to": [8.32837, 5.45103, 14.05524],
			"rotation": {"angle": 0, "axis": "x", "origin": [8, 5.45103, 13.72686]},
			"faces": {
				"north": {"uv": [3, 7, 3.25, 7.75], "texture": "#0"},
				"east": {"uv": [7, 4, 7.25, 4.75], "texture": "#0"},
				"south": {"uv": [5, 7, 5.25, 7.75], "texture": "#0"},
				"west": {"uv": [7, 5, 7.25, 5.75], "texture": "#0"},
				"up": {"uv": [10.75, 6.25, 10.5, 6], "texture": "#0"},
				"down": {"uv": [6.75, 10.5, 6.5, 10.75], "texture": "#0"}
			}
		},
		{
			"from": [7.67163, 4.59725, 11.62526],
			"to": [8.32837, 5.29341, 12.9519],
			"rotation": {"angle": 0, "axis": "x", "origin": [8, 4.96503, 13.07011]},
			"faces": {
				"north": {"uv": [10.5, 6.5, 10.75, 6.75], "texture": "#0"},
				"east": {"uv": [6, 7, 6.75, 7.25], "texture": "#0"},
				"south": {"uv": [7, 10.5, 7.25, 10.75], "texture": "#0"},
				"west": {"uv": [7, 6, 7.75, 6.25], "texture": "#0"},
				"up": {"uv": [7.25, 7.25, 7, 6.5], "texture": "#0"},
				"down": {"uv": [0.25, 7.5, 0, 8.25], "texture": "#0"}
			}
		},
		{
			"from": [7.67163, 2.8897, 15.74965],
			"to": [8.32837, 5.254, 16.4064],
			"rotation": {"angle": 0, "axis": "x", "origin": [8, 5.28027, 16.20938]},
			"faces": {
				"north": {"uv": [0.5, 6, 0.75, 7.25], "texture": "#0"},
				"east": {"uv": [6, 4, 6.25, 5.25], "texture": "#0"},
				"south": {"uv": [5.5, 6, 5.75, 7.25], "texture": "#0"},
				"west": {"uv": [6, 5.5, 6.25, 6.75], "texture": "#0"},
				"up": {"uv": [10.75, 5.75, 10.5, 5.5], "texture": "#0"},
				"down": {"uv": [6.25, 10.5, 6, 10.75], "texture": "#0"}
			}
		},
		{
			"from": [7.6979, 3.78288, 11.28375],
			"to": [8.3021, 4.33455, 16.01235],
			"rotation": {"angle": 22.5, "axis": "x", "origin": [8, 4.00617, 13.64805]},
			"faces": {
				"north": {"uv": [10.5, 5, 10.75, 5.25], "texture": "#0"},
				"east": {"uv": [4.5, 2, 6.75, 2.25], "texture": "#0"},
				"south": {"uv": [5.5, 10.5, 5.75, 10.75], "texture": "#0"},
				"west": {"uv": [4.5, 2.5, 6.75, 2.75], "texture": "#0"},
				"up": {"uv": [1.75, 7.25, 1.5, 5], "texture": "#0"},
				"down": {"uv": [5.25, 4, 5, 6.25], "texture": "#0"}
			}
		},
		{
			"from": [7.4746, 4.07185, 5.8984],
			"to": [8.5254, 4.7286, 10.1016],
			"rotation": {"angle": 0, "axis": "y", "origin": [7.4746, 4.2032, 2.2206]},
			"faces": {
				"north": {"uv": [1.5, 8, 2, 8.25], "texture": "#0"},
				"east": {"uv": [5, 0, 7, 0.25], "texture": "#0"},
				"south": {"uv": [8, 1.5, 8.5, 1.75], "texture": "#0"},
				"west": {"uv": [5, 0.5, 7, 0.75], "texture": "#0"},
				"up": {"uv": [2.5, 5.5, 2, 3.5], "texture": "#0"},
				"down": {"uv": [3, 3.5, 2.5, 5.5], "texture": "#0"}
			}
		},
		{
			"from": [7.4746, 3.6778, 6.6865],
			"to": [8.5254, 4.07185, 7.7373],
			"rotation": {"angle": 0, "axis": "y", "origin": [7.4746, 3.80915, 2.2206]},
			"faces": {
				"north": {"uv": [4.5, 8, 5, 8.25], "texture": "#0"},
				"east": {"uv": [8, 4.5, 8.5, 4.75], "texture": "#0"},
				"south": {"uv": [5, 8, 5.5, 8.25], "texture": "#0"},
				"west": {"uv": [8, 5, 8.5, 5.25], "texture": "#0"},
				"up": {"uv": [7, 7, 6.5, 6.5], "texture": "#0"},
				"down": {"uv": [0.5, 7, 0, 7.5], "texture": "#0"}
			}
		},
		{
			"from": [7.86865, 3.29688, 7.90806],
			"to": [8.13135, 3.42823, 8.94572],
			"rotation": {"angle": 0, "axis": "y", "origin": [7.4746, 3.16553, 3.37648]},
			"faces": {
				"north": {"uv": [10.5, 7, 10.75, 7.25], "texture": "#0"},
				"east": {"uv": [5.5, 8, 6, 8.25], "texture": "#0"},
				"south": {"uv": [7.5, 10.5, 7.75, 10.75], "texture": "#0"},
				"west": {"uv": [8, 5.5, 8.5, 5.75], "texture": "#0"},
				"up": {"uv": [6.25, 8.5, 6, 8], "texture": "#0"},
				"down": {"uv": [8.25, 6, 8, 6.5], "texture": "#0"}
			}
		},
		{
			"from": [7.93432, 3.47421, 8.79467],
			"to": [8.06567, 4.24917, 8.92602],
			"rotation": {"angle": 22.5, "axis": "x", "origin": [8, 3.99304, 8.86034]},
			"faces": {
				"north": {"uv": [6.5, 8, 6.75, 8.5], "texture": "#0"},
				"east": {"uv": [8, 6.5, 8.25, 7], "texture": "#0"},
				"south": {"uv": [7, 8, 7.25, 8.5], "texture": "#0"},
				"west": {"uv": [8, 7, 8.25, 7.5], "texture": "#0"},
				"up": {"uv": [0.25, 11.25, 0, 11], "texture": "#0"},
				"down": {"uv": [11.25, 0, 11, 0.25], "texture": "#0"}
			}
		},
		{
			"from": [7.86865, 3.50704, 8.80124],
			"to": [8.13135, 3.63839, 9.41858],
			"rotation": {"angle": -45, "axis": "x", "origin": [8, 3.57272, 9.10991]},
			"faces": {
				"north": {"uv": [10.5, 7.5, 10.75, 7.75], "texture": "#0"},
				"east": {"uv": [8, 10.5, 8.25, 10.75], "texture": "#0"},
				"south": {"uv": [10.5, 8, 10.75, 8.25], "texture": "#0"},
				"west": {"uv": [8.5, 10.5, 8.75, 10.75], "texture": "#0"},
				"up": {"uv": [10.75, 8.75, 10.5, 8.5], "texture": "#0"},
				"down": {"uv": [9.25, 10.5, 9, 10.75], "texture": "#0"}
			}
		},
		{
			"from": [7.86865, 3.25091, 7.67819],
			"to": [8.13135, 3.86826, 7.80954],
			"rotation": {"angle": -45, "axis": "x", "origin": [8, 3.55958, 7.74387]},
			"faces": {
				"north": {"uv": [10.5, 9, 10.75, 9.25], "texture": "#0"},
				"east": {"uv": [9.5, 10.5, 9.75, 10.75], "texture": "#0"},
				"south": {"uv": [10.5, 9.5, 10.75, 9.75], "texture": "#0"},
				"west": {"uv": [10, 10.5, 10.25, 10.75], "texture": "#0"},
				"up": {"uv": [10.75, 10.25, 10.5, 10], "texture": "#0"},
				"down": {"uv": [10.75, 10.5, 10.5, 10.75], "texture": "#0"}
			}
		},
		{
			"from": [7.48774, 2.16727, 8.98513],
			"to": [8.51226, 4.66292, 10.03592],
			"rotation": {"angle": -22.5, "axis": "x", "origin": [8, 4.40023, 9.70755]},
			"faces": {
				"north": {"uv": [4, 1.5, 4.5, 2.75], "texture": "#0"},
				"east": {"uv": [3, 4, 3.5, 5.25], "texture": "#0"},
				"south": {"uv": [3.5, 4, 4, 5.25], "texture": "#0"},
				"west": {"uv": [4, 4, 4.5, 5.25], "texture": "#0"},
				"up": {"uv": [7, 6, 6.5, 5.5], "texture": "#0"},
				"down": {"uv": [7, 6, 6.5, 6.5], "texture": "#0"}
			}
		},
		{
			"from": [7.63222, 4.2032, 3.232],
			"to": [8.36778, 4.7286, 4.23025],
			"rotation": {"angle": 0, "axis": "y", "origin": [7.4746, 4.2032, -2.11395]},
			"faces": {
				"north": {"uv": [10.5, 2, 10.75, 2.25], "texture": "#0"},
				"east": {"uv": [3, 8, 3.5, 8.25], "texture": "#0"},
				"south": {"uv": [2.5, 10.5, 2.75, 10.75], "texture": "#0"},
				"west": {"uv": [8, 3, 8.5, 3.25], "texture": "#0"},
				"up": {"uv": [3.75, 8.5, 3.5, 8], "texture": "#0"},
				"down": {"uv": [8.25, 3.5, 8, 4], "texture": "#0"}
			}
		},
		{
			"from": [7.72416, 2.1016, 3.48156],
			"to": [8.27584, 4.2032, 3.98069],
			"rotation": {"angle": 0, "axis": "y", "origin": [7.4746, 3.6778, -2.11395]},
			"faces": {
				"north": {"uv": [3.5, 6.5, 3.75, 7.5], "texture": "#0"},
				"east": {"uv": [4, 6.5, 4.25, 7.5], "texture": "#0"},
				"south": {"uv": [6.5, 4, 6.75, 5], "texture": "#0"},
				"west": {"uv": [4.5, 6.5, 4.75, 7.5], "texture": "#0"},
				"up": {"uv": [10.75, 2.75, 10.5, 2.5], "texture": "#0"},
				"down": {"uv": [3.25, 10.5, 3, 10.75], "texture": "#0"}
			}
		},
		{
			"from": [7.4746, 4.59725, 2.87735],
			"to": [8.5254, 4.7286, 4.5849],
			"rotation": {"angle": 0, "axis": "y", "origin": [7.4746, 4.2032, -2.11395]},
			"faces": {
				"north": {"uv": [4, 8, 4.5, 8.25], "texture": "#0"},
				"east": {"uv": [7, 3, 7.75, 3.25], "texture": "#0"},
				"south": {"uv": [8, 4, 8.5, 4.25], "texture": "#0"},
				"west": {"uv": [7, 3.5, 7.75, 3.75], "texture": "#0"},
				"up": {"uv": [6, 5.75, 5.5, 5], "texture": "#0"},
				"down": {"uv": [0.5, 6, 0, 6.75], "texture": "#0"}
			}
		},
		{
			"from": [7.48774, 4.17693, 9.99652],
			"to": [8.51226, 4.70233, 11.70407],
			"rotation": {"angle": -22.5, "axis": "x", "origin": [8, 4.43963, 9.99652]},
			"faces": {
				"north": {"uv": [2, 8, 2.5, 8.25], "texture": "#0"},
				"east": {"uv": [7, 1.5, 7.75, 1.75], "texture": "#0"},
				"south": {"uv": [8, 2, 8.5, 2.25], "texture": "#0"},
				"west": {"uv": [2, 7, 2.75, 7.25], "texture": "#0"},
				"up": {"uv": [3.5, 6.25, 3, 5.5], "texture": "#0"},
				"down": {"uv": [4, 5.5, 3.5, 6.25], "texture": "#0"}
			}
		},
		{
			"from": [7.48774, 4.17693, 4.29593],
			"to": [8.51226, 4.70233, 6.00348],
			"rotation": {"angle": 22.5, "axis": "x", "origin": [8, 4.43963, 6.00348]},
			"faces": {
				"north": {"uv": [2.5, 8, 3, 8.25], "texture": "#0"},
				"east": {"uv": [7, 2, 7.75, 2.25], "texture": "#0"},
				"south": {"uv": [8, 2.5, 8.5, 2.75], "texture": "#0"},
				"west": {"uv": [7, 2.5, 7.75, 2.75], "texture": "#0"},
				"up": {"uv": [4.5, 6.25, 4, 5.5], "texture": "#0"},
				"down": {"uv": [6, 4, 5.5, 4.75], "texture": "#0"}
			}
		},
		{
			"from": [7.65849, 4.91249, 1.6952],
			"to": [8.34151, 5.59551, 2.2206],
			"rotation": {"angle": 0, "axis": "y", "origin": [7.4746, 4.7286, 1.6952]},
			"faces": {
				"north": {"uv": [10.5, 0, 10.75, 0.25], "texture": "#0"},
				"east": {"uv": [0.5, 10.5, 0.75, 10.75], "texture": "#0"},
				"south": {"uv": [10.5, 0.5, 10.75, 0.75], "texture": "#0"},
				"west": {"uv": [1, 10.5, 1.25, 10.75], "texture": "#0"},
				"up": {"uv": [10.75, 1.25, 10.5, 1], "texture": "#0"},
				"down": {"uv": [1.75, 10.5, 1.5, 10.75], "texture": "#0"}
			}
		},
		{
			"from": [7.65849, 4.13752, 2.35195],
			"to": [8.34151, 4.7286, 2.68033],
			"rotation": {"angle": 0, "axis": "y", "origin": [7.4746, 3.86169, 2.2206]},
			"faces": {
				"north": {"uv": [10.5, 3, 10.75, 3.25], "texture": "#0"},
				"east": {"uv": [3.5, 10.5, 3.75, 10.75], "texture": "#0"},
				"south": {"uv": [10.5, 3.5, 10.75, 3.75], "texture": "#0"},
				"west": {"uv": [4, 10.5, 4.25, 10.75], "texture": "#0"},
				"up": {"uv": [10.75, 4.25, 10.5, 4], "texture": "#0"},
				"down": {"uv": [4.75, 10.5, 4.5, 10.75], "texture": "#0"}
			}
		},
		{
			"from": [7.78984, 5.04384, 0.51305],
			"to": [8.21016, 5.46416, 1.6952],
			"rotation": {"angle": 0, "axis": "y", "origin": [7.4746, 4.7286, 1.1698]},
			"faces": {
				"north": {"uv": [10.5, 1.5, 10.75, 1.75], "texture": "#0"},
				"east": {"uv": [0.5, 8, 1, 8.25], "texture": "#0"},
				"south": {"uv": [2, 10.5, 2.25, 10.75], "texture": "#0"},
				"west": {"uv": [8, 0.5, 8.5, 0.75], "texture": "#0"},
				"up": {"uv": [1.25, 8.5, 1, 8], "texture": "#0"},
				"down": {"uv": [8.25, 1, 8, 1.5], "texture": "#0"}
			}
		},
		{
			"from": [7.4746, 5.7794, 9.8389],
			"to": [8.5254, 6.3048, 11.54645],
			"rotation": {"angle": 0, "axis": "y", "origin": [7.4746, 5.7794, 2.2206]},
			"faces": {
				"north": {"uv": [1.5, 7.5, 2, 7.75], "texture": "#0"},
				"east": {"uv": [7, 0, 7.75, 0.25], "texture": "#0"},
				"south": {"uv": [2, 7.5, 2.5, 7.75], "texture": "#0"},
				"west": {"uv": [7, 0.5, 7.75, 0.75], "texture": "#0"},
				"up": {"uv": [2.5, 6.25, 2, 5.5], "texture": "#0"},
				"down": {"uv": [3, 5.5, 2.5, 6.25], "texture": "#0"}
			}
		},
		{
			"from": [7.48774, 6.01583, 10.24609],
			"to": [8.51226, 6.77766, 10.77149],
			"rotation": {"angle": -45, "axis": "x", "origin": [8, 6.3048, 10.50879]},
			"faces": {
				"north": {"uv": [2, 6.5, 2.5, 7], "texture": "#0"},
				"east": {"uv": [4.5, 7.5, 4.75, 8], "texture": "#0"},
				"south": {"uv": [2.5, 6.5, 3, 7], "texture": "#0"},
				"west": {"uv": [7.5, 4.5, 7.75, 5], "texture": "#0"},
				"up": {"uv": [8, 5.25, 7.5, 5], "texture": "#0"},
				"down": {"uv": [6, 7.5, 5.5, 7.75], "texture": "#0"}
			}
		},
		{
			"from": [7.4746, 6.3048, 9.70755],
			"to": [8.5254, 6.8302, 10.3643],
			"rotation": {"angle": 0, "axis": "y", "origin": [7.4746, 6.3048, 2.2206]},
			"faces": {
				"north": {"uv": [2.5, 7.5, 3, 7.75], "texture": "#0"},
				"east": {"uv": [7.5, 8, 7.75, 8.25], "texture": "#0"},
				"south": {"uv": [3.5, 7.5, 4, 7.75], "texture": "#0"},
				"west": {"uv": [8, 7.5, 8.25, 7.75], "texture": "#0"},
				"up": {"uv": [4.5, 7.75, 4, 7.5], "texture": "#0"},
				"down": {"uv": [8, 4, 7.5, 4.25], "texture": "#0"}
			}
		},
		{
			"from": [7.68476, 6.22599, 9.3135],
			"to": [8.31524, 6.35734, 9.70755],
			"rotation": {"angle": 0, "axis": "y", "origin": [7.4746, 6.22599, 1.56385]},
			"faces": {
				"north": {"uv": [8, 8, 8.25, 8.25], "texture": "#0"},
				"east": {"uv": [0, 8.5, 0.25, 8.75], "texture": "#0"},
				"south": {"uv": [8.5, 0, 8.75, 0.25], "texture": "#0"},
				"west": {"uv": [0.5, 8.5, 0.75, 8.75], "texture": "#0"},
				"up": {"uv": [8.75, 0.75, 8.5, 0.5], "texture": "#0"},
				"down": {"uv": [1.25, 8.5, 1, 8.75], "texture": "#0"}
			}
		},
		{
			"from": [7.68476, 6.22599, 5.28106],
			"to": [8.31524, 6.35734, 5.67511],
			"rotation": {"angle": 0, "axis": "y", "origin": [7.4746, 6.22599, -2.4686]},
			"faces": {
				"north": {"uv": [9.5, 7, 9.75, 7.25], "texture": "#0"},
				"east": {"uv": [7.5, 9.5, 7.75, 9.75], "texture": "#0"},
				"south": {"uv": [9.5, 7.5, 9.75, 7.75], "texture": "#0"},
				"west": {"uv": [8, 9.5, 8.25, 9.75], "texture": "#0"},
				"up": {"uv": [9.75, 8.25, 9.5, 8], "texture": "#0"},
				"down": {"uv": [8.75, 9.5, 8.5, 9.75], "texture": "#0"}
			}
		},
		{
			"from": [7.68476, 6.22599, 9.0508],
			"to": [8.31524, 6.35734, 9.18215],
			"rotation": {"angle": 0, "axis": "y", "origin": [7.4746, 6.22599, 1.03845]},
			"faces": {
				"north": {"uv": [8.5, 1, 8.75, 1.25], "texture": "#0"},
				"east": {"uv": [1.5, 8.5, 1.75, 8.75], "texture": "#0"},
				"south": {"uv": [8.5, 1.5, 8.75, 1.75], "texture": "#0"},
				"west": {"uv": [2, 8.5, 2.25, 8.75], "texture": "#0"},
				"up": {"uv": [8.75, 2.25, 8.5, 2], "texture": "#0"},
				"down": {"uv": [2.75, 8.5, 2.5, 8.75], "texture": "#0"}
			}
		},
		{
			"from": [7.68476, 6.22599, 8.85378],
			"to": [8.31524, 6.35734, 8.98513],
			"rotation": {"angle": 0, "axis": "y", "origin": [7.4746, 6.22599, 0.84143]},
			"faces": {
				"north": {"uv": [8.5, 2.5, 8.75, 2.75], "texture": "#0"},
				"east": {"uv": [3, 8.5, 3.25, 8.75], "texture": "#0"},
				"south": {"uv": [8.5, 3, 8.75, 3.25], "texture": "#0"},
				"west": {"uv": [3.5, 8.5, 3.75, 8.75], "texture": "#0"},
				"up": {"uv": [8.75, 3.75, 8.5, 3.5], "texture": "#0"},
				"down": {"uv": [4.25, 8.5, 4, 8.75], "texture": "#0"}
			}
		},
		{
			"from": [7.68476, 6.22599, 8.45973],
			"to": [8.31524, 6.35734, 8.59108],
			"rotation": {"angle": 0, "axis": "y", "origin": [7.4746, 6.22599, 0.44738]},
			"faces": {
				"north": {"uv": [8.5, 5.5, 8.75, 5.75], "texture": "#0"},
				"east": {"uv": [6, 8.5, 6.25, 8.75], "texture": "#0"},
				"south": {"uv": [8.5, 6, 8.75, 6.25], "texture": "#0"},
				"west": {"uv": [6.5, 8.5, 6.75, 8.75], "texture": "#0"},
				"up": {"uv": [8.75, 6.75, 8.5, 6.5], "texture": "#0"},
				"down": {"uv": [7.25, 8.5, 7, 8.75], "texture": "#0"}
			}
		},
		{
			"from": [7.68476, 6.22599, 8.65675],
			"to": [8.31524, 6.35734, 8.7881],
			"rotation": {"angle": 0, "axis": "y", "origin": [7.4746, 6.22599, 0.6444]},
			"faces": {
				"north": {"uv": [8.5, 4, 8.75, 4.25], "texture": "#0"},
				"east": {"uv": [4.5, 8.5, 4.75, 8.75], "texture": "#0"},
				"south": {"uv": [8.5, 4.5, 8.75, 4.75], "texture": "#0"},
				"west": {"uv": [5, 8.5, 5.25, 8.75], "texture": "#0"},
				"up": {"uv": [8.75, 5.25, 8.5, 5], "texture": "#0"},
				"down": {"uv": [5.75, 8.5, 5.5, 8.75], "texture": "#0"}
			}
		},
		{
			"from": [7.68476, 6.22599, 7.56655],
			"to": [8.31524, 6.35734, 7.6979],
			"rotation": {"angle": 0, "axis": "y", "origin": [7.4746, 6.22599, -0.4458]},
			"faces": {
				"north": {"uv": [3, 9, 3.25, 9.25], "texture": "#0"},
				"east": {"uv": [9, 3, 9.25, 3.25], "texture": "#0"},
				"south": {"uv": [3.5, 9, 3.75, 9.25], "texture": "#0"},
				"west": {"uv": [9, 3.5, 9.25, 3.75], "texture": "#0"},
				"up": {"uv": [4.25, 9.25, 4, 9], "texture": "#0"},
				"down": {"uv": [9.25, 4, 9, 4.25], "texture": "#0"}
			}
		},
		{
			"from": [7.68476, 6.22599, 7.76357],
			"to": [8.31524, 6.35734, 7.89492],
			"rotation": {"angle": 0, "axis": "y", "origin": [7.4746, 6.22599, -0.24878]},
			"faces": {
				"north": {"uv": [1.5, 9, 1.75, 9.25], "texture": "#0"},
				"east": {"uv": [9, 1.5, 9.25, 1.75], "texture": "#0"},
				"south": {"uv": [2, 9, 2.25, 9.25], "texture": "#0"},
				"west": {"uv": [9, 2, 9.25, 2.25], "texture": "#0"},
				"up": {"uv": [2.75, 9.25, 2.5, 9], "texture": "#0"},
				"down": {"uv": [9.25, 2.5, 9, 2.75], "texture": "#0"}
			}
		},
		{
			"from": [7.68476, 6.22599, 8.15762],
			"to": [8.31524, 6.35734, 8.28897],
			"rotation": {"angle": 0, "axis": "y", "origin": [7.4746, 6.22599, 0.14527]},
			"faces": {
				"north": {"uv": [0, 9, 0.25, 9.25], "texture": "#0"},
				"east": {"uv": [9, 0, 9.25, 0.25], "texture": "#0"},
				"south": {"uv": [0.5, 9, 0.75, 9.25], "texture": "#0"},
				"west": {"uv": [9, 0.5, 9.25, 0.75], "texture": "#0"},
				"up": {"uv": [1.25, 9.25, 1, 9], "texture": "#0"},
				"down": {"uv": [9.25, 1, 9, 1.25], "texture": "#0"}
			}
		},
		{
			"from": [7.68476, 6.22599, 7.9606],
			"to": [8.31524, 6.35734, 8.09195],
			"rotation": {"angle": 0, "axis": "y", "origin": [7.4746, 6.22599, -0.05175]},
			"faces": {
				"north": {"uv": [8.5, 7, 8.75, 7.25], "texture": "#0"},
				"east": {"uv": [7.5, 8.5, 7.75, 8.75], "texture": "#0"},
				"south": {"uv": [8.5, 7.5, 8.75, 7.75], "texture": "#0"},
				"west": {"uv": [8, 8.5, 8.25, 8.75], "texture": "#0"},
				"up": {"uv": [8.75, 8.25, 8.5, 8], "texture": "#0"},
				"down": {"uv": [8.75, 8.5, 8.5, 8.75], "texture": "#0"}
			}
		},
		{
			"from": [7.68476, 6.22599, 6.69964],
			"to": [8.31524, 6.35734, 6.83099],
			"rotation": {"angle": 0, "axis": "y", "origin": [7.4746, 6.22599, -1.31271]},
			"faces": {
				"north": {"uv": [9, 9, 9.25, 9.25], "texture": "#0"},
				"east": {"uv": [0, 9.5, 0.25, 9.75], "texture": "#0"},
				"south": {"uv": [9.5, 0, 9.75, 0.25], "texture": "#0"},
				"west": {"uv": [0.5, 9.5, 0.75, 9.75], "texture": "#0"},
				"up": {"uv": [9.75, 0.75, 9.5, 0.5], "texture": "#0"},
				"down": {"uv": [1.25, 9.5, 1, 9.75], "texture": "#0"}
			}
		},
		{
			"from": [7.68476, 6.22599, 6.89666],
			"to": [8.31524, 6.35734, 7.02801],
			"rotation": {"angle": 0, "axis": "y", "origin": [7.4746, 6.22599, -1.11569]},
			"faces": {
				"north": {"uv": [7.5, 9, 7.75, 9.25], "texture": "#0"},
				"east": {"uv": [9, 7.5, 9.25, 7.75], "texture": "#0"},
				"south": {"uv": [8, 9, 8.25, 9.25], "texture": "#0"},
				"west": {"uv": [9, 8, 9.25, 8.25], "texture": "#0"},
				"up": {"uv": [8.75, 9.25, 8.5, 9], "texture": "#0"},
				"down": {"uv": [9.25, 8.5, 9, 8.75], "texture": "#0"}
			}
		},
		{
			"from": [7.68476, 6.22599, 7.29071],
			"to": [8.31524, 6.35734, 7.42206],
			"rotation": {"angle": 0, "axis": "y", "origin": [7.4746, 6.22599, -0.72164]},
			"faces": {
				"north": {"uv": [6, 9, 6.25, 9.25], "texture": "#0"},
				"east": {"uv": [9, 6, 9.25, 6.25], "texture": "#0"},
				"south": {"uv": [6.5, 9, 6.75, 9.25], "texture": "#0"},
				"west": {"uv": [9, 6.5, 9.25, 6.75], "texture": "#0"},
				"up": {"uv": [7.25, 9.25, 7, 9], "texture": "#0"},
				"down": {"uv": [9.25, 7, 9, 7.25], "texture": "#0"}
			}
		},
		{
			"from": [7.68476, 6.22599, 7.09369],
			"to": [8.31524, 6.35734, 7.22504],
			"rotation": {"angle": 0, "axis": "y", "origin": [7.4746, 6.22599, -0.91866]},
			"faces": {
				"north": {"uv": [4.5, 9, 4.75, 9.25], "texture": "#0"},
				"east": {"uv": [9, 4.5, 9.25, 4.75], "texture": "#0"},
				"south": {"uv": [5, 9, 5.25, 9.25], "texture": "#0"},
				"west": {"uv": [9, 5, 9.25, 5.25], "texture": "#0"},
				"up": {"uv": [5.75, 9.25, 5.5, 9], "texture": "#0"},
				"down": {"uv": [9.25, 5.5, 9, 5.75], "texture": "#0"}
			}
		},
		{
			"from": [7.68476, 6.22599, 5.78019],
			"to": [8.31524, 6.35734, 5.91154],
			"rotation": {"angle": 0, "axis": "y", "origin": [7.4746, 6.22599, -2.23216]},
			"faces": {
				"north": {"uv": [9.5, 5.5, 9.75, 5.75], "texture": "#0"},
				"east": {"uv": [6, 9.5, 6.25, 9.75], "texture": "#0"},
				"south": {"uv": [9.5, 6, 9.75, 6.25], "texture": "#0"},
				"west": {"uv": [6.5, 9.5, 6.75, 9.75], "texture": "#0"},
				"up": {"uv": [9.75, 6.75, 9.5, 6.5], "texture": "#0"},
				"down": {"uv": [7.25, 9.5, 7, 9.75], "texture": "#0"}
			}
		},
		{
			"from": [7.68476, 6.22599, 5.97721],
			"to": [8.31524, 6.35734, 6.10856],
			"rotation": {"angle": 0, "axis": "y", "origin": [7.4746, 6.22599, -2.03514]},
			"faces": {
				"north": {"uv": [9.5, 4, 9.75, 4.25], "texture": "#0"},
				"east": {"uv": [4.5, 9.5, 4.75, 9.75], "texture": "#0"},
				"south": {"uv": [9.5, 4.5, 9.75, 4.75], "texture": "#0"},
				"west": {"uv": [5, 9.5, 5.25, 9.75], "texture": "#0"},
				"up": {"uv": [9.75, 5.25, 9.5, 5], "texture": "#0"},
				"down": {"uv": [5.75, 9.5, 5.5, 9.75], "texture": "#0"}
			}
		},
		{
			"from": [7.68476, 6.22599, 6.37126],
			"to": [8.31524, 6.35734, 6.50261],
			"rotation": {"angle": 0, "axis": "y", "origin": [7.4746, 6.22599, -1.64109]},
			"faces": {
				"north": {"uv": [9.5, 2.5, 9.75, 2.75], "texture": "#0"},
				"east": {"uv": [3, 9.5, 3.25, 9.75], "texture": "#0"},
				"south": {"uv": [9.5, 3, 9.75, 3.25], "texture": "#0"},
				"west": {"uv": [3.5, 9.5, 3.75, 9.75], "texture": "#0"},
				"up": {"uv": [9.75, 3.75, 9.5, 3.5], "texture": "#0"},
				"down": {"uv": [4.25, 9.5, 4, 9.75], "texture": "#0"}
			}
		},
		{
			"from": [7.68476, 6.22599, 6.17424],
			"to": [8.31524, 6.35734, 6.30559],
			"rotation": {"angle": 0, "axis": "y", "origin": [7.4746, 6.22599, -1.83811]},
			"faces": {
				"north": {"uv": [9.5, 1, 9.75, 1.25], "texture": "#0"},
				"east": {"uv": [1.5, 9.5, 1.75, 9.75], "texture": "#0"},
				"south": {"uv": [9.5, 1.5, 9.75, 1.75], "texture": "#0"},
				"west": {"uv": [2, 9.5, 2.25, 9.75], "texture": "#0"},
				"up": {"uv": [9.75, 2.25, 9.5, 2], "texture": "#0"},
				"down": {"uv": [2.75, 9.5, 2.5, 9.75], "texture": "#0"}
			}
		},
		{
			"from": [8.26108, 6.6584, 2.48159],
			"to": [8.46992, 6.86725, 2.81942],
			"rotation": {"angle": -45, "axis": "z", "origin": [8, 6.793, 2.68367]},
			"faces": {
				"north": {"uv": [9.5, 8.5, 9.75, 8.75], "texture": "#0"},
				"east": {"uv": [9, 9.5, 9.25, 9.75], "texture": "#0"},
				"south": {"uv": [9.5, 9, 9.75, 9.25], "texture": "#0"},
				"west": {"uv": [9.5, 9.5, 9.75, 9.75], "texture": "#0"},
				"up": {"uv": [0.25, 10.25, 0, 10], "texture": "#0"},
				"down": {"uv": [10.25, 0, 10, 0.25], "texture": "#0"}
			}
		},
		{
			"from": [7.62171, 6.30743, 2.46071],
			"to": [8.37829, 6.51627, 3.04916],
			"rotation": {"angle": 0, "axis": "y", "origin": [8, 6.793, 2.89252]},
			"faces": {
				"north": {"uv": [7.5, 5.5, 8, 5.75], "texture": "#0"},
				"east": {"uv": [0.5, 10, 0.75, 10.25], "texture": "#0"},
				"south": {"uv": [6, 7.5, 6.5, 7.75], "texture": "#0"},
				"west": {"uv": [10, 0.5, 10.25, 0.75], "texture": "#0"},
				"up": {"uv": [7, 7.75, 6.5, 7.5], "texture": "#0"},
				"down": {"uv": [8, 6.5, 7.5, 6.75], "texture": "#0"}
			}
		},
		{
			"from": [7.53008, 6.6584, 2.48159],
			"to": [7.73892, 6.86725, 2.81942],
			"rotation": {"angle": 45, "axis": "z", "origin": [8, 6.793, 2.68367]},
			"faces": {
				"north": {"uv": [1, 10, 1.25, 10.25], "texture": "#0"},
				"east": {"uv": [10, 1, 10.25, 1.25], "texture": "#0"},
				"south": {"uv": [1.5, 10, 1.75, 10.25], "texture": "#0"},
				"west": {"uv": [10, 1.5, 10.25, 1.75], "texture": "#0"},
				"up": {"uv": [2.25, 10.25, 2, 10], "texture": "#0"},
				"down": {"uv": [10.25, 2, 10, 2.25], "texture": "#0"}
			}
		},
		{
			"from": [7.62171, 6.51627, 2.46071],
			"to": [7.75175, 7.03839, 2.84031],
			"rotation": {"angle": 0, "axis": "y", "origin": [8, 6.793, 2.68367]},
			"faces": {
				"north": {"uv": [2.5, 10, 2.75, 10.25], "texture": "#0"},
				"east": {"uv": [10, 2.5, 10.25, 2.75], "texture": "#0"},
				"south": {"uv": [3, 10, 3.25, 10.25], "texture": "#0"},
				"west": {"uv": [10, 3, 10.25, 3.25], "texture": "#0"},
				"up": {"uv": [3.75, 10.25, 3.5, 10], "texture": "#0"},
				"down": {"uv": [10.25, 3.5, 10, 3.75], "texture": "#0"}
			}
		},
		{
			"from": [8.24825, 6.51627, 2.46071],
			"to": [8.37829, 7.03839, 2.84031],
			"rotation": {"angle": 0, "axis": "y", "origin": [8, 6.793, 2.68367]},
			"faces": {
				"north": {"uv": [4, 10, 4.25, 10.25], "texture": "#0"},
				"east": {"uv": [10, 4, 10.25, 4.25], "texture": "#0"},
				"south": {"uv": [4.5, 10, 4.75, 10.25], "texture": "#0"},
				"west": {"uv": [10, 4.5, 10.25, 4.75], "texture": "#0"},
				"up": {"uv": [5.25, 10.25, 5, 10], "texture": "#0"},
				"down": {"uv": [10.25, 5, 10, 5.25], "texture": "#0"}
			}
		},
		{
			"from": [8.23893, 6.69659, 2.48159],
			"to": [8.44777, 6.90544, 2.81942],
			"rotation": {"angle": 45, "axis": "z", "origin": [8, 6.793, 2.68367]},
			"faces": {
				"north": {"uv": [5.5, 10, 5.75, 10.25], "texture": "#0"},
				"east": {"uv": [10, 5.5, 10.25, 5.75], "texture": "#0"},
				"south": {"uv": [6, 10, 6.25, 10.25], "texture": "#0"},
				"west": {"uv": [10, 6, 10.25, 6.25], "texture": "#0"},
				"up": {"uv": [6.75, 10.25, 6.5, 10], "texture": "#0"},
				"down": {"uv": [10.25, 6.5, 10, 6.75], "texture": "#0"}
			}
		},
		{
			"from": [7.55223, 6.69659, 2.48159],
			"to": [7.76107, 6.90544, 2.81942],
			"rotation": {"angle": -45, "axis": "z", "origin": [8, 6.793, 2.68367]},
			"faces": {
				"north": {"uv": [7, 10, 7.25, 10.25], "texture": "#0"},
				"east": {"uv": [10, 7, 10.25, 7.25], "texture": "#0"},
				"south": {"uv": [7.5, 10, 7.75, 10.25], "texture": "#0"},
				"west": {"uv": [10, 7.5, 10.25, 7.75], "texture": "#0"},
				"up": {"uv": [8.25, 10.25, 8, 10], "texture": "#0"},
				"down": {"uv": [10.25, 8, 10, 8.25], "texture": "#0"}
			}
		},
		{
			"from": [7.62171, 7.03839, 2.46071],
			"to": [8.37829, 7.14281, 2.84031],
			"rotation": {"angle": 0, "axis": "y", "origin": [8, 6.793, 2.68367]},
			"faces": {
				"north": {"uv": [7, 7.5, 7.5, 7.75], "texture": "#0"},
				"east": {"uv": [8.5, 10, 8.75, 10.25], "texture": "#0"},
				"south": {"uv": [7.5, 7, 8, 7.25], "texture": "#0"},
				"west": {"uv": [10, 8.5, 10.25, 8.75], "texture": "#0"},
				"up": {"uv": [8, 7.75, 7.5, 7.5], "texture": "#0"},
				"down": {"uv": [8.5, 0, 8, 0.25], "texture": "#0"}
			}
		},
		{
			"from": [7.74702, 7.14281, 2.46071],
			"to": [8.25298, 7.20547, 2.84031],
			"rotation": {"angle": 0, "axis": "y", "origin": [8, 6.793, 2.68367]},
			"faces": {
				"north": {"uv": [9, 10, 9.25, 10.25], "texture": "#0"},
				"east": {"uv": [10, 9, 10.25, 9.25], "texture": "#0"},
				"south": {"uv": [9.5, 10, 9.75, 10.25], "texture": "#0"},
				"west": {"uv": [10, 9.5, 10.25, 9.75], "texture": "#0"},
				"up": {"uv": [10.25, 10.25, 10, 10], "texture": "#0"},
				"down": {"uv": [0.25, 10.5, 0, 10.75], "texture": "#0"}
			}
		}
	],
	"display": {
		"thirdperson_righthand": {
			"translation": [0, 3.75, 3.75]
		},
		"thirdperson_lefthand": {
			"translation": [0, 3.75, 3.75]
		},
		"firstperson_righthand": {
			"translation": [0, 7.5, 0]
		},
		"firstperson_lefthand": {
			"translation": [0, 7.5, 0]
		},
		"ground": {
			"rotation": [8.96, 13.82, -79.6],
			"translation": [3.25, 0, 0]
		},
		"gui": {
			"rotation": [156.01, 57.24, -148.69],
			"translation": [0.75, 3.25, 0]
		},
		"fixed": {
			"rotation": [90, -140, 90],
			"translation": [2.25, 2.25, -0.25],
			"scale": [1, 1, 1.19]
		}
	}
}