{
    "parent": "item/handheld",
    "textures": {
        "layer0": "item/carrot_on_a_stick"
    },
    "overrides": [
        {
            "predicate": {
                "custom_model_data": 1001
            },
            "model": "item/weapons/ak47"
        },
        {
            "predicate": {
                "custom_model_data": 1002
            },
            "model": "item/weapons/m4a1"
        },
        {
            "predicate": {
                "custom_model_data": 1003
            },
            "model": "item/weapons/scar"
        },
        {
            "predicate": {
                "custom_model_data": 1004
            },
            "model": "item/weapons/mp5"
        },
        {
            "predicate": {
                "custom_model_data": 1005
            },
            "model": "item/weapons/ump45"
        },
        {
            "predicate": {
                "custom_model_data": 1006
            },
            "model": "item/weapons/m249"
        },
        {
            "predicate": {
                "custom_model_data": 1007
            },
            "model": "item/weapons/awp"
        },
        {
            "predicate": {
                "custom_model_data": 1008
            },
            "model": "item/weapons/barrett"
        },
        {
            "predicate": {
                "custom_model_data": 1009
            },
            "model": "item/weapons/pump_shotgun"
        },
        {
            "predicate": {
                "custom_model_data": 1010
            },
            "model": "item/weapons/auto_shotgun"
        },
        {
            "predicate": {
                "custom_model_data": 1011
            },
            "model": "item/weapons/amr20"
        },
        {
            "predicate": {
                "custom_model_data": 1012
            },
            "model": "item/weapons/as50"
        },
        {
            "predicate": {
                "custom_model_data": 1013
            },
            "model": "item/weapons/aa12"
        },
        {
            "predicate": {
                "custom_model_data": 1014
            },
            "model": "item/weapons/fn_fal"
        },
        {
            "predicate": {
                "custom_model_data": 1015
            },
            "model": "item/weapons/marksman"
        }
    ]
}