{
    "parent": "item/handheld",
    "textures": {
        "layer0": "item/warped_fungus_on_a_stick"
    },
    "overrides": [
        {
            "predicate": {
                "custom_model_data": 2001
            },
            "model": "item/weapons/glock18"
        },
        {
            "predicate": {
                "custom_model_data": 2002
            },
            "model": "item/weapons/desert_eagle"
        },
        {
            "predicate": {
                "custom_model_data": 2003
            },
            "model": "item/weapons/glock18_auto"
        }
    ]
}